timestamp,battery_soc,charging_rate,grid_load,electricity_price,num_active_sessions
2025-03-14 00:00:00,0.20788801332086593,0.6042162705187316,1.0,0.46387373338436705,4
2025-03-14 00:15:00,0.6249669259949723,0.5698404283989997,0.9531449493102483,0.5830420641206989,4
2025-03-14 00:30:00,0.6030805795407732,0.39615416883244026,1.0,0.5533887054833648,3
2025-03-14 00:45:00,0.4663979833466839,0.9261950543522786,0.9753941749103636,0.4862521423780346,2
2025-03-14 01:00:00,0.554188575346982,0.5076735246413554,1.0,0.4807790595628275,3
2025-03-14 01:15:00,0.17124841962036685,0.2839671665242273,1.0,0.4758722139172429,6
2025-03-14 01:30:00,0.6738934693541025,0.9346539090007149,0.9793415447541052,0.529383835432496,0
2025-03-14 01:45:00,0.25946588565220985,0.8483194931138636,1.0,0.4216841292087594,1
2025-03-14 02:00:00,0.395783572550107,0.40029572652012946,1.0,0.500323726721032,4
2025-03-14 02:15:00,0.3218840401943034,0.6275761721244817,1.0,0.4877052485447443,5
2025-03-14 02:30:00,0.7884051596973214,0.8412100623381253,1.0,0.5308870506677432,2
2025-03-14 02:45:00,0.39228954968254237,0.44504751744822457,1.0,0.5215297168693284,3
2025-03-14 03:00:00,0.6563246285572975,0.8382771481341591,1.0,0.4659624964168015,2
2025-03-14 03:15:00,0.7575551921562459,0.6294258258623044,1.0,0.5205082062242294,4
2025-03-14 03:30:00,0.4204648715665048,0.4358911822297879,1.0,0.43237475925866975,9
2025-03-14 03:45:00,0.23957948900438286,0.36228181672139004,1.0,0.4998652855137565,5
2025-03-14 04:00:00,0.37467483447185523,0.4968243905152403,1.0,0.5344533594140394,2
2025-03-14 04:15:00,0.4988430182626712,0.34250037473069117,1.0,0.5577870795420765,2
2025-03-14 04:30:00,0.3182566659952567,0.5052143007553112,1.0,0.5236598643087821,2
2025-03-14 04:45:00,0.8180602143712146,0.39290781872840175,1.0,0.500047455855128,2
2025-03-14 05:00:00,0.5596699923730625,0.46553131305629764,1.0,0.560128060004346,0
2025-03-14 05:15:00,0.8086552074577086,0.9665272851644136,1.0,0.5533884641811503,1
2025-03-14 05:30:00,0.7105978237905259,0.8857175539441895,1.0,0.493853699231115,1
2025-03-14 05:45:00,0.5063425113041915,0.617713724932611,1.0,0.5223262515155496,4
2025-03-14 06:00:00,0.23568147902147382,0.7288460207642522,1.0,0.5415892379254199,3
2025-03-14 06:15:00,0.546069530711582,0.22822422412534965,1.0,0.5486322333100049,3
2025-03-14 06:30:00,0.8332816451638477,0.44951539677381025,1.0,0.48275971045662996,3
2025-03-14 06:45:00,0.5471044711014822,0.22328036312182029,1.0,0.5493358206296247,1
2025-03-14 07:00:00,0.8803018738942091,0.6649849929716171,1.0,0.438307433781881,7
2025-03-14 07:15:00,0.14593495912170457,0.5981900723760138,1.0,0.5243168212223455,3
2025-03-14 07:30:00,0.589436327164237,0.912269395461806,1.0,0.4793565673886924,0
2025-03-14 07:45:00,0.5892309738933573,0.2244976877642718,1.0,0.48433535865405586,1
2025-03-14 08:00:00,0.44912336913643147,0.3566981404523153,1.0,0.46485042227676204,2
2025-03-14 08:15:00,0.2522153501560832,0.8584744336623611,1.0,0.5307789199668616,2
2025-03-14 08:30:00,0.29914879157319596,0.725251707883815,1.0,0.6048519066165668,3
2025-03-14 08:45:00,0.17033332623303732,0.24279258484260025,1.0,0.5297872795622889,2
2025-03-14 09:00:00,0.7235776976033494,0.9866234765747117,1.0,0.5457567612449999,4
2025-03-14 09:15:00,0.1251311691564303,0.795171521399823,1.0,0.41230714440489985,4
2025-03-14 09:30:00,0.5820235062180303,0.3029990182691196,1.0,0.6153107296580662,1
2025-03-14 09:45:00,0.7318133516541551,0.529250176080138,0.9635281277036524,0.4634546180627965,4
2025-03-14 10:00:00,0.4622189805091875,0.8213652111414922,0.9834645062052487,0.574522762150544,3
2025-03-14 10:15:00,0.550676193153848,0.8350775603297274,1.0,0.5549056379665549,4
2025-03-14 10:30:00,0.7631224668061567,0.7250981089207638,1.0,0.5571285863395038,2
2025-03-14 10:45:00,0.686407769003429,0.8631546622553561,0.9798459972096614,0.4951201896331713,2
2025-03-14 11:00:00,0.5404599821873131,0.4888464732562917,0.9892576918023823,0.5088047860010123,4
2025-03-14 11:15:00,0.79415278533105,0.7569342788239648,1.0,0.5319760434583841,2
2025-03-14 11:30:00,0.2775365576030415,0.8831336994467558,1.0,0.42137676331518326,5
2025-03-14 11:45:00,0.3720246676354688,0.4141682720899669,0.8537175722371616,0.5156741515742179,5
2025-03-14 12:00:00,0.6655571709211461,0.8605367991929578,1.0,0.5482020214814941,5
2025-03-14 12:15:00,0.7545106050281649,0.8221912574304251,0.9548809917331736,0.5345252857383256,3
2025-03-14 12:30:00,0.68379027954864,0.2341985012172458,0.8016905703288915,0.5094955395816907,1
2025-03-14 12:45:00,0.22714717402158213,0.9704559084588409,1.0,0.5220210455495226,5
2025-03-14 13:00:00,0.8230726562729593,0.9946621441979493,0.8970331158518474,0.49295537915581794,1
2025-03-14 13:15:00,0.34972067592738854,0.39997663883217227,0.9591997273292614,0.500047482455207,2
2025-03-14 13:30:00,0.8736966223835481,0.6255933029791714,0.9590442676799238,0.4276877406212221,6
2025-03-14 13:45:00,0.28399650190119896,0.5506234072496434,0.919934980272157,0.45019167202115495,3
2025-03-14 14:00:00,0.5332354196364962,0.38700594732663807,0.9402770519438991,1.0,1
2025-03-14 14:15:00,0.10908580278843667,0.5784993782597092,0.8120305068857231,0.8367779911972986,1
2025-03-14 14:30:00,0.14638356674955091,0.4298073258788743,0.7388449900778604,1.0,2
2025-03-14 14:45:00,0.8457937588665982,0.2287782671080219,0.7179960648282617,0.9833384122954494,3
2025-03-14 15:00:00,0.4764671930599954,0.6897405547768336,0.8010233136155605,0.922559630886032,3
2025-03-14 15:15:00,0.6967140644217524,0.6997534897363691,0.8076942140579162,0.9844567184021158,3
2025-03-14 15:30:00,0.7738783442053009,0.6150031471349833,0.6354995478103393,1.0,4
2025-03-14 15:45:00,0.8736075470063711,0.79664307844231,0.6826244911222052,1.0,1
2025-03-14 16:00:00,0.3340267325030919,0.8007776580392547,0.679771449804325,1.0,2
2025-03-14 16:15:00,0.1583661017434202,0.7450199227333956,0.7616511506365943,0.9751547326556399,1
2025-03-14 16:30:00,0.2941029300908583,0.686667599243681,0.787518856468604,1.0,7
2025-03-14 16:45:00,0.65421718673372,0.6231450714438056,0.7996635219688859,0.9544142735846793,4
2025-03-14 17:00:00,0.6479155555269943,0.4073069038483104,0.786865828443688,1.0,4
2025-03-14 17:15:00,0.8938406253649309,0.6704555886022496,0.8957339121357355,1.0,5
2025-03-14 17:30:00,0.5728652520866396,0.8815052380941912,0.5770509919562872,1.0,1
2025-03-14 17:45:00,0.5217514200990399,0.853909688100958,0.6446842349664061,1.0,4
2025-03-14 18:00:00,0.3720259097654268,0.6567686244111403,0.8514318207230429,1.0,3
2025-03-14 18:15:00,0.22476505467265354,0.36243156877082383,0.768330393001482,1.0,3
2025-03-14 18:30:00,0.37271106067533577,0.31596308884750146,0.8006625035281081,0.9731927608860345,1
2025-03-14 18:45:00,0.41542623863420913,0.7892686466053138,0.8616090766522781,1.0,4
2025-03-14 19:00:00,0.14491492313008525,0.921417237437222,0.7370427399385557,1.0,4
2025-03-14 19:15:00,0.5050074998759236,0.39783953750657536,0.7640833391737585,1.0,2
2025-03-14 19:30:00,0.7177060685697331,0.5308535272141763,0.5778875484651145,1.0,1
2025-03-14 19:45:00,0.4740890057192009,0.4822229995090096,1.0,1.0,4
2025-03-14 20:00:00,0.5272478577499933,0.9543528359665601,0.5879206497986265,0.9449816332200652,3
2025-03-14 20:15:00,0.6270912697744991,0.44057854994464485,0.8737786541439456,1.0,4
2025-03-14 20:30:00,0.8643482915646433,0.8304872581374598,0.7755509600710409,1.0,3
2025-03-14 20:45:00,0.5552591853325727,0.2763465237724753,0.71861925863329,0.9627284756327809,2
2025-03-14 21:00:00,0.5620917024271942,0.3622361961047232,0.8263839421735494,0.521135781037408,3
2025-03-14 21:15:00,0.7118185374037099,0.6482560787037497,0.9477719499109853,0.5219345597118172,4
2025-03-14 21:30:00,0.8833687950657304,0.8618493528890108,0.8121468005545902,0.5550431072531025,4
2025-03-14 21:45:00,0.8382600896174007,0.40855872371123925,0.7345578509638155,0.5248240646945574,2
2025-03-14 22:00:00,0.1839705500436491,0.40600625136498547,0.8000794535234648,0.4639318675880404,2
2025-03-14 22:15:00,0.5003316116261843,0.49123856096057295,0.9597947950475354,0.45289636971975494,4
2025-03-14 22:30:00,0.2767307337581989,0.8175591664121082,0.9321302896961867,0.540675605931565,4
2025-03-14 22:45:00,0.4660022844668473,0.7651882997259445,0.9340216805756881,0.49819462759489463,4
2025-03-14 23:00:00,0.6586829707897992,0.7531011288866207,0.9668612232483896,0.4749525324915938,2
2025-03-14 23:15:00,0.713974300858412,0.8627018423052488,1.0,0.4768667986078545,4
2025-03-14 23:30:00,0.5093861890823222,0.35134162012259706,0.9037600552308266,0.5382557094098042,4
2025-03-14 23:45:00,0.7002947548929819,0.22069452817612956,1.0,0.5164418279589559,4
2025-03-15 00:00:00,0.7751831004006142,0.6787983787420377,0.9553971161178427,0.5480208436028827,3
2025-03-15 00:15:00,0.8391771116624234,0.40188281862294145,1.0,0.49313460963723904,10
2025-03-15 00:30:00,0.10807897072445752,0.504296510875778,1.0,0.4400747132206857,3
2025-03-15 00:45:00,0.7447345042833295,0.700560241255269,1.0,0.5827286884126439,2
2025-03-15 01:00:00,0.10117613388862257,0.8228220028909221,1.0,0.5238880254038841,1
2025-03-15 01:15:00,0.48037074720187845,0.9079724375984288,1.0,0.5387165379430583,6
2025-03-15 01:30:00,0.4057074689785124,0.27230101263839324,1.0,0.47276468022785706,2
2025-03-15 01:45:00,0.19421771536565047,0.5211724731177965,1.0,0.4957097898828062,2
2025-03-15 02:00:00,0.80421475409676,0.28543758951478504,0.9783399851230439,0.4615278898251949,5
2025-03-15 02:15:00,0.4025884355240765,0.7645349282985261,0.9526641301074761,0.5541285580232309,1
2025-03-15 02:30:00,0.24468128427297212,0.24540910370950178,1.0,0.5516760656988636,2
2025-03-15 02:45:00,0.3801240518592611,0.5690508203256264,1.0,0.5571405346639662,4
2025-03-15 03:00:00,0.47323586651789684,0.46563216835856464,1.0,0.49702297669720563,1
2025-03-15 03:15:00,0.15625068349870946,0.24898756278411469,1.0,0.5021765551113692,2
2025-03-15 03:30:00,0.6503036879603231,0.4093916166492565,1.0,0.511483855561285,3
2025-03-15 03:45:00,0.2494381227832114,0.3577223244818244,1.0,0.5385109802150042,7
2025-03-15 04:00:00,0.7471811847046175,0.6000619806830343,1.0,0.5275972139985358,5
2025-03-15 04:15:00,0.337928876088274,0.3483569583190882,1.0,0.5090825942186725,7
2025-03-15 04:30:00,0.6425076111491077,0.6925292278731345,1.0,0.38199931797318754,2
2025-03-15 04:45:00,0.6819835530864718,0.6180439051604452,1.0,0.5573650624809148,3
2025-03-15 05:00:00,0.493719654196634,0.5313793108788234,1.0,0.5278574561819447,5
2025-03-15 05:15:00,0.6160968997177156,0.4506214604160196,1.0,0.5182608518014532,3
2025-03-15 05:30:00,0.1144759049813951,0.521346501291673,1.0,0.4442313098894095,4
2025-03-15 05:45:00,0.24767657934527954,0.771395843109103,1.0,0.5307965746720109,2
2025-03-15 06:00:00,0.22913923064007546,0.899859631212893,1.0,0.521551564283603,4
2025-03-15 06:15:00,0.6385888481844554,0.8311593545081888,1.0,0.4342258700204999,7
2025-03-15 06:30:00,0.31976651113923166,0.7137179602617434,1.0,0.47278587395912064,5
2025-03-15 06:45:00,0.5050474037701812,0.5232531877397488,1.0,0.5328999274301384,2
2025-03-15 07:00:00,0.1973856305473124,0.5976079243451162,1.0,0.513342214174973,3
2025-03-15 07:15:00,0.3742852203987037,0.5566169964568166,1.0,0.5061869466465596,2
2025-03-15 07:30:00,0.3787387511476955,0.707093040358316,1.0,0.4182315028229056,3
2025-03-15 07:45:00,0.534863225160888,0.35026922181356374,1.0,0.6024880889069772,3
2025-03-15 08:00:00,0.8167584573763683,0.8700459359052997,1.0,0.49265186807259054,2
2025-03-15 08:15:00,0.3097560519484276,0.2186878559233316,1.0,0.5298517817684035,4
2025-03-15 08:30:00,0.4525530899076806,0.5875412326640046,1.0,0.5158492838204579,3
2025-03-15 08:45:00,0.5721425115912829,0.845684946220499,1.0,0.5012897290926784,2
2025-03-15 09:00:00,0.17688553583398134,0.2373876595497537,0.9976255199458723,0.47413755720621753,4
2025-03-15 09:15:00,0.6447980613158034,0.214491191672907,1.0,0.4673351519661737,3
2025-03-15 09:30:00,0.8511259150562046,0.8761921393368857,1.0,0.515361629635023,7
2025-03-15 09:45:00,0.15073018199525975,0.3830776488218933,1.0,0.5361297342849901,1
2025-03-15 10:00:00,0.5195756968975582,0.6131514863104701,1.0,0.46053962845257546,1
2025-03-15 10:15:00,0.8726900016056821,0.8547204582460692,1.0,0.4815816839031546,4
2025-03-15 10:30:00,0.7811505870869971,0.5499615479731141,1.0,0.6431224930311221,3
2025-03-15 10:45:00,0.7154121453427126,0.4989015913465874,0.9649142015108695,0.45045637759933677,1
2025-03-15 11:00:00,0.6341922246871594,0.7288808623198473,1.0,0.46170528072796047,2
2025-03-15 11:15:00,0.38438547073248863,0.9920813562068695,1.0,0.5981442122381674,1
2025-03-15 11:30:00,0.34205647007192774,0.888143315177176,0.962077348058167,0.4667862493973585,1
2025-03-15 11:45:00,0.5985292231396777,0.335589972759073,0.8457679423810094,0.5713500970553178,4
2025-03-15 12:00:00,0.5944595444003186,0.5885840758536893,0.936622111976585,0.5382460815207402,2
2025-03-15 12:15:00,0.10639341357987223,0.5398575082653525,1.0,0.4828252219510782,2
2025-03-15 12:30:00,0.5861924065757571,0.3760941680545152,1.0,0.4432217001284966,6
2025-03-15 12:45:00,0.876619893809053,0.5118699756869277,0.9823535157160348,0.5065307392932672,3
2025-03-15 13:00:00,0.2752044023936245,0.6864927069319608,0.8658989401001471,0.45607138776264106,5
2025-03-15 13:15:00,0.5040848296646651,0.46492976897360666,0.7666155621158827,0.4924414413651626,2
2025-03-15 13:30:00,0.11187933349809445,0.45705187699858824,0.8773801338062288,0.4787119467992999,4
2025-03-15 13:45:00,0.34833209415322275,0.6736418783255804,0.9088601085882853,0.4402114668575423,2
2025-03-15 14:00:00,0.49856173208268995,0.37136561450630484,0.6660810673085497,0.938465033595907,5
2025-03-15 14:15:00,0.5557222483712151,0.32211544575707074,0.7835667471280353,0.9487283156963944,0
2025-03-15 14:30:00,0.16289169133357156,0.3268661880681121,0.877853388982385,0.8394807429970332,2
2025-03-15 14:45:00,0.89893415398454,0.9438438013280261,0.864406034098839,0.964237605863981,5
2025-03-15 15:00:00,0.2800935272973425,0.24201144662335877,0.7821384415473442,0.9609479934954803,0
2025-03-15 15:15:00,0.7546194949578268,0.8712701707562418,0.6234686951380678,1.0,4
2025-03-15 15:30:00,0.35812175264657564,0.980882873057382,0.8770979604027395,1.0,2
2025-03-15 15:45:00,0.743383052986349,0.6176521538986663,0.8332793227728064,1.0,2
2025-03-15 16:00:00,0.6567774272115858,0.8502395720123472,0.6668761327756827,0.7379934989892047,2
2025-03-15 16:15:00,0.7685625722895651,0.8159438429984469,0.6830327310529877,1.0,1
2025-03-15 16:30:00,0.5476156962318366,0.981153433671748,0.6381728722102028,1.0,2
2025-03-15 16:45:00,0.11376992916029618,0.6717441143897146,0.681124382335559,1.0,3
2025-03-15 17:00:00,0.67486744090272,0.33404994848181274,0.6130695647016138,1.0,4
2025-03-15 17:15:00,0.6311548228748366,0.6896972006144463,0.6405037719621454,0.8421698465064316,1
2025-03-15 17:30:00,0.6297809281357747,0.921507409026725,0.44935257196726747,1.0,2
2025-03-15 17:45:00,0.26462393063364664,0.43191719643194715,0.7714438371225238,0.9579963451655654,3
2025-03-15 18:00:00,0.7296789207865263,0.5176602515209903,0.6898156518582215,0.9539077167456539,5
2025-03-15 18:15:00,0.7627138205994811,0.2868959123438418,0.659616097330916,1.0,2
2025-03-15 18:30:00,0.11409712119255913,0.27608804714013707,0.661089192123371,0.8824506384835145,3
2025-03-15 18:45:00,0.3471308503392173,0.5034442115920974,0.8057604977415298,0.9217168249516376,3
2025-03-15 19:00:00,0.31769108525993006,0.33085685699450573,0.8419840439143309,1.0,1
2025-03-15 19:15:00,0.7180951392906085,0.3282510082283773,0.5178122479786489,0.9034441685841577,3
2025-03-15 19:30:00,0.7405529644470336,0.9147264816804506,0.6558018465491346,1.0,2
2025-03-15 19:45:00,0.21560144047800112,0.9224613443363963,0.9965846867750225,0.9906238348918092,7
2025-03-15 20:00:00,0.8309829596498102,0.9698556846505864,0.8169710815909452,0.9437506453566659,4
2025-03-15 20:15:00,0.7263856526539592,0.6077241550709022,0.8825462248982456,0.8709885934460839,2
2025-03-15 20:30:00,0.3057644130666047,0.5678067078128708,0.7909052265265561,1.0,4
2025-03-15 20:45:00,0.18151057587937525,0.5743034146183628,0.8147706433154072,1.0,7
2025-03-15 21:00:00,0.3454834738415785,0.7184633433787018,0.6800480888900411,0.48174022812178124,4
2025-03-15 21:15:00,0.46806812104609397,0.32301441057263314,0.8844618683117287,0.538749224907941,3
2025-03-15 21:30:00,0.11382100366134829,0.3865751010244862,0.8814478739048862,0.5332501698897055,4
2025-03-15 21:45:00,0.7743767569528409,0.5893814946096569,0.9724512150508157,0.5446657525187985,5
2025-03-15 22:00:00,0.42969685945373404,0.38315440335935086,0.9178565305375322,0.5063347411497985,1
2025-03-15 22:15:00,0.29655748785989267,0.7518102852506565,0.9159300779350354,0.48479066953737365,5
2025-03-15 22:30:00,0.3965733041930479,0.9245240215615078,0.8545322763581967,0.4388820704083366,1
2025-03-15 22:45:00,0.2401874623524808,0.3529834314197058,0.9125455310921449,0.45678072924623486,3
2025-03-15 23:00:00,0.6261968117857881,0.549167099893869,0.821657366914841,0.5806528150121544,0
2025-03-15 23:15:00,0.17413019128567397,0.603245495450885,0.9648249765802053,0.4834955189094012,1
2025-03-15 23:30:00,0.8852821736634929,0.8008400886796383,0.9232693763181703,0.5344167440960745,2
2025-03-15 23:45:00,0.20140987857059411,0.362031432297599,0.9509473037801555,0.4826591942266532,1
2025-03-16 00:00:00,0.8545330159699285,0.9650980419237736,0.9787181478427204,0.5886051407583313,4
2025-03-16 00:15:00,0.4495036849620131,0.5623408509017318,0.9893323888736788,0.49283216880900765,1
2025-03-16 00:30:00,0.6573073220291753,0.9003762254470158,1.0,0.5388888380589321,5
2025-03-16 00:45:00,0.7196191743346515,0.25320756104915115,1.0,0.4711368468776125,1
2025-03-16 01:00:00,0.293035878635829,0.21454162370138052,1.0,0.5012828748586314,4
2025-03-16 01:15:00,0.6008284429462366,0.8847322048416382,1.0,0.5192054061200085,1
2025-03-16 01:30:00,0.24098862456801334,0.20668869549029223,1.0,0.6176315117341937,5
2025-03-16 01:45:00,0.649523802594814,0.22136241753965688,1.0,0.509928618520025,1
2025-03-16 02:00:00,0.3256881886087804,0.8792119210179457,1.0,0.4067718908352823,4
2025-03-16 02:15:00,0.231823589538703,0.43926383863650714,0.9399306322250838,0.5597459826967786,1
2025-03-16 02:30:00,0.3529561732295241,0.4288674943159551,1.0,0.5587727032596962,4
2025-03-16 02:45:00,0.8673381600323223,0.3805940481015099,1.0,0.5340640032986105,3
2025-03-16 03:00:00,0.3951854717058103,0.7493827194887632,1.0,0.5886367020624355,2
2025-03-16 03:15:00,0.17551906913069387,0.31639437709781126,1.0,0.5461268337167823,1
2025-03-16 03:30:00,0.6443363014067706,0.873631042226013,1.0,0.5729331620911459,2
2025-03-16 03:45:00,0.6342057671664123,0.9484788591015576,1.0,0.4980769066063209,2
2025-03-16 04:00:00,0.36478786363243865,0.6622664509521867,1.0,0.48636715593216495,5
2025-03-16 04:15:00,0.5776199157191962,0.2901915118654646,1.0,0.4359583226603754,3
2025-03-16 04:30:00,0.7082422111197467,0.5915284211805683,1.0,0.5467445339432668,2
2025-03-16 04:45:00,0.7521373064379814,0.8861758809244373,1.0,0.4593575150369922,2
2025-03-16 05:00:00,0.5550007767834131,0.5225994561642968,1.0,0.583293690424614,1
2025-03-16 05:15:00,0.5729771274565013,0.850280826087427,1.0,0.4985094805394176,5
2025-03-16 05:30:00,0.15813860528995394,0.5184171548901884,1.0,0.5817686615451539,7
2025-03-16 05:45:00,0.5376277248350422,0.4907900499888597,1.0,0.5011192615091786,3
2025-03-16 06:00:00,0.4230956998292479,0.32568287516802663,1.0,0.5118517758753691,2
2025-03-16 06:15:00,0.28208873719544203,0.5504731246730352,1.0,0.5086410337475059,4
2025-03-16 06:30:00,0.3183114589091631,0.7649789490686518,1.0,0.420910992421895,1
2025-03-16 06:45:00,0.598930896225894,0.9173004313936424,1.0,0.47663796220792526,1
2025-03-16 07:00:00,0.594236003024499,0.6310608194570865,1.0,0.4699561752701121,2
2025-03-16 07:15:00,0.8601680623903668,0.7943779617295879,1.0,0.5252493274031017,6
2025-03-16 07:30:00,0.13030856442749172,0.854586754275382,1.0,0.5777048256571831,1
2025-03-16 07:45:00,0.2621250244755008,0.8097864696385717,1.0,0.5310979179104975,2
2025-03-16 08:00:00,0.5462112958717278,0.5829571012118625,1.0,0.5205082087234923,4
2025-03-16 08:15:00,0.12014317073703965,0.6506852273984125,1.0,0.552981457925818,9
2025-03-16 08:30:00,0.20281203561764816,0.7836425303997212,1.0,0.49475038373087865,3
2025-03-16 08:45:00,0.7765929736066223,0.20365989524675873,1.0,0.4587406036361462,6
2025-03-16 09:00:00,0.7737287259802734,0.2739425586863825,1.0,0.4766429194202166,3
2025-03-16 09:15:00,0.8110659951880258,0.8629373826003206,1.0,0.5967034090859336,3
2025-03-16 09:30:00,0.6995432459715297,0.812474936031298,1.0,0.5830672503874786,7
2025-03-16 09:45:00,0.26277478356157313,0.9588505440684028,1.0,0.4725425842852811,4
2025-03-16 10:00:00,0.5060907008182646,0.5647393570032728,1.0,0.5093422690194669,2
2025-03-16 10:15:00,0.2591723583877784,0.4371343750433215,1.0,0.4887481363945521,2
2025-03-16 10:30:00,0.5566299700724996,0.9224448123545814,1.0,0.5065561430733383,3
2025-03-16 10:45:00,0.6514686742634146,0.9812143968010569,1.0,0.46322520705101383,2
2025-03-16 11:00:00,0.40850124047592007,0.7786029054922659,1.0,0.4949807434702613,4
2025-03-16 11:15:00,0.8309201063333284,0.7709849437587835,1.0,0.49876635298084293,3
2025-03-16 11:30:00,0.22444896893816405,0.3754307929364659,0.9242857350260776,0.5343667916761693,5
2025-03-16 11:45:00,0.8276987723154976,0.2613902705954068,0.9614153189117273,0.5325323044251844,4
2025-03-16 12:00:00,0.36849538689701633,0.913670317106611,0.9938077163791552,0.5358947837616115,4
2025-03-16 12:15:00,0.10407440862689016,0.8523871669951413,0.9700044382312836,0.4582748867394022,3
2025-03-16 12:30:00,0.6447255970387188,0.7264666711059877,0.8924986555142345,0.4760070662264571,0
2025-03-16 12:45:00,0.5715268358688372,0.6185609630726168,0.9744498845656415,0.4786135573064794,7
2025-03-16 13:00:00,0.45805402295038766,0.5274756021646111,1.0,0.4461065417338618,2
2025-03-16 13:15:00,0.1496429736190816,0.6127625593230162,0.8651902659033666,0.5527489749987604,2
2025-03-16 13:30:00,0.1261339447029851,0.6604167443080136,0.9082016857941237,0.6043056741831683,5
2025-03-16 13:45:00,0.6438157620475622,0.5753953510912858,1.0,0.5588231997258888,4
2025-03-16 14:00:00,0.3910314954165155,0.8004371089334708,0.8476966819707418,1.0,1
2025-03-16 14:15:00,0.29264283133724966,0.3593578436048932,0.6886668514323837,0.9345582339283854,5
2025-03-16 14:30:00,0.1533565119089471,0.7452927151138891,0.8934857067390066,0.9064797650929028,3
2025-03-16 14:45:00,0.45620554817894454,0.9729508031132676,0.6619778108742659,0.9819404871445235,5
2025-03-16 15:00:00,0.3590151181664888,0.45782565982260714,0.6934450411030758,1.0,2
2025-03-16 15:15:00,0.10838996212802661,0.7887340440054456,0.7289375033199887,0.8881139604054463,2
2025-03-16 15:30:00,0.8169583101443643,0.28060155733238495,0.7620821508040474,0.981620286510955,1
2025-03-16 15:45:00,0.2812738846143952,0.9170049392417392,0.7280864940750988,1.0,4
2025-03-16 16:00:00,0.2739094499239152,0.7172973534469886,0.6441702946312144,1.0,4
2025-03-16 16:15:00,0.3294207289215576,0.6149790249360253,0.5534164076637653,0.8782443360326715,3
2025-03-16 16:30:00,0.38425600498128465,0.7130821157687388,0.7643855172498565,1.0,4
2025-03-16 16:45:00,0.23848990779083828,0.592319094115298,0.7615647077630044,1.0,0
2025-03-16 17:00:00,0.16026065488166258,0.3723401103930768,0.7994158370676676,0.8966460943831933,4
2025-03-16 17:15:00,0.3593506675592403,0.28132215517116593,0.6194088852221784,1.0,5
2025-03-16 17:30:00,0.4611761982570107,0.20011301600691134,0.8240303838712164,0.8964266611591682,5
2025-03-16 17:45:00,0.6281177409643768,0.565481643335136,0.6913881062182152,0.8934135214252381,3
2025-03-16 18:00:00,0.49376168284789734,0.260236263331213,0.7031715745290767,1.0,2
2025-03-16 18:15:00,0.20514627582850703,0.676822163124825,0.8236341505496676,0.9930725876865734,3
2025-03-16 18:30:00,0.7545074747090271,0.879982253035209,0.7110933807346238,0.9889423812008251,4
2025-03-16 18:45:00,0.23360229271668792,0.2484052439200669,0.8268655616390646,0.9038678933357298,6
2025-03-16 19:00:00,0.8120552384304963,0.7896433361223623,0.8830989089139736,1.0,2
2025-03-16 19:15:00,0.5470178120795403,0.9908065181243548,0.8536217249638116,1.0,8
2025-03-16 19:30:00,0.17455339512079,0.5284359198251898,0.6116781181031589,1.0,1
2025-03-16 19:45:00,0.2920100327816145,0.5733867788133042,0.7329519332100224,1.0,5
2025-03-16 20:00:00,0.6711258062461254,0.68148879245709,0.831608325685441,0.988004421113352,1
2025-03-16 20:15:00,0.2116777319290205,0.49952588619712535,0.9114012162700211,0.925100883075464,3
2025-03-16 20:30:00,0.6499797081795831,0.7186594146111247,0.9372033753359743,1.0,1
2025-03-16 20:45:00,0.7517465694063061,0.4324752758359511,0.799040147271078,1.0,3
2025-03-16 21:00:00,0.783966439074229,0.8202523780905964,0.9069369746440018,0.46830909386262815,2
2025-03-16 21:15:00,0.1773528012036475,0.9472085748041215,0.8680029966101035,0.5192945920504318,0
2025-03-16 21:30:00,0.20314314929755384,0.9485231123376803,0.7017807294206528,0.47227441014136257,3
2025-03-16 21:45:00,0.8504749591437202,0.33718387181852655,0.9079424470313353,0.44210508685125727,3
2025-03-16 22:00:00,0.26493774586422825,0.5948664999766331,0.9762361891853417,0.602815611780094,0
2025-03-16 22:15:00,0.7467392301407018,0.43029104622307335,0.9281762616562637,0.4841783483123658,3
2025-03-16 22:30:00,0.8912480742247333,0.8185276996043409,0.8339841942088886,0.5011127219201991,3
2025-03-16 22:45:00,0.3472435874367238,0.26020511267125146,0.911198758772199,0.5765205496329892,2
2025-03-16 23:00:00,0.5893287704144162,0.3270584595611611,0.888390610391226,0.5001012690971438,4
2025-03-16 23:15:00,0.8529432652979267,0.3993579815710166,0.9355789831548981,0.4650080825298128,4
2025-03-16 23:30:00,0.8947186445204649,0.5679113922244095,1.0,0.47825273513081673,5
2025-03-16 23:45:00,0.3514771270744763,0.9016635133472952,0.9277815684590073,0.5059617398655056,7
2025-03-17 00:00:00,0.5020284035656981,0.5496867455106267,0.9682220346101219,0.49666389455677046,7
2025-03-17 00:15:00,0.6775112676273953,0.47301104509396225,0.9300359669783586,0.5993710245942219,4
2025-03-17 00:30:00,0.21802181141353483,0.9534277745308779,1.0,0.49641154584363417,3
2025-03-17 00:45:00,0.8500399763905663,0.7172321598472711,1.0,0.6385043974488487,3
2025-03-17 01:00:00,0.8846591695551882,0.270504737719104,1.0,0.5090932845133902,5
2025-03-17 01:15:00,0.37890843386287276,0.8633769371255771,0.9283685659272236,0.47368031741584365,6
2025-03-17 01:30:00,0.8957568524712837,0.4066025591887482,1.0,0.58353230002583,6
2025-03-17 01:45:00,0.35505951415440773,0.6078636172576238,1.0,0.4837939467223698,3
2025-03-17 02:00:00,0.8960200443927757,0.37321510987855677,1.0,0.5188514650984389,4
2025-03-17 02:15:00,0.27525550180704006,0.90465398333442,1.0,0.5577869530943804,7
2025-03-17 02:30:00,0.7463790960288498,0.562885348814417,1.0,0.5720133299517919,5
2025-03-17 02:45:00,0.1438669886593189,0.8427773137633536,1.0,0.42807521155094186,5
2025-03-17 03:00:00,0.8767191330821681,0.445664119028372,1.0,0.5294844589326013,4
2025-03-17 03:15:00,0.2534381206282551,0.6315554206844158,1.0,0.5009498898350124,1
2025-03-17 03:30:00,0.10606681779669175,0.4083425249379505,1.0,0.471543428179617,5
2025-03-17 03:45:00,0.726510833175861,0.3243649593249302,1.0,0.5951097623153174,6
2025-03-17 04:00:00,0.3540946862757911,0.30964216477972634,1.0,0.40852790908941183,1
2025-03-17 04:15:00,0.88010768405706,0.7291489647336109,1.0,0.4571136377062288,8
2025-03-17 04:30:00,0.37487243945206283,0.5878576991329885,1.0,0.4628297994964833,4
2025-03-17 04:45:00,0.2693939230039516,0.44699888136873334,1.0,0.4787819998523542,5
2025-03-17 05:00:00,0.25817027903266504,0.7542474722266235,1.0,0.5157884803017179,3
2025-03-17 05:15:00,0.8094409120687931,0.40247940116906,1.0,0.5141782797648488,0
2025-03-17 05:30:00,0.620190568798626,0.5154172711226012,1.0,0.6270553264776477,4
2025-03-17 05:45:00,0.7233939623360756,0.5728682562801519,1.0,0.47347214727492043,2
2025-03-17 06:00:00,0.6980418368138859,0.38104157863832233,1.0,0.5369120120935439,5
2025-03-17 06:15:00,0.4164647301964064,0.6077604434726114,1.0,0.4850969711513455,3
2025-03-17 06:30:00,0.8527420880241937,0.3065651490556355,1.0,0.5384287584947679,3
2025-03-17 06:45:00,0.2349313026917681,0.25092987017878077,1.0,0.4107553702585972,4
2025-03-17 07:00:00,0.25749370372604785,0.6879181136428418,1.0,0.5673740344920476,3
2025-03-17 07:15:00,0.7952817326202015,0.4536739439260347,1.0,0.5096721051008254,3
2025-03-17 07:30:00,0.6396510763513866,0.6338627199332093,1.0,0.4976815567552893,9
2025-03-17 07:45:00,0.5848759600984164,0.9033531860438069,1.0,0.4268108912618491,2
2025-03-17 08:00:00,0.36256510792313623,0.2807350577945023,1.0,0.5525237147159814,4
2025-03-17 08:15:00,0.705158144821606,0.375112161214564,1.0,0.4166898027944702,2
2025-03-17 08:30:00,0.4364967670952884,0.3557153169112134,1.0,0.41277795503473363,3
2025-03-17 08:45:00,0.44619352899147424,0.40859907555859654,1.0,0.49239543554618775,2
2025-03-17 09:00:00,0.1390603538060387,0.6618131951860837,1.0,0.387629684170727,6
2025-03-17 09:15:00,0.1304260006505884,0.4254529083641958,1.0,0.4386724570417983,3
2025-03-17 09:30:00,0.5652233870722608,0.7845111803160971,1.0,0.48409839239562713,4
2025-03-17 09:45:00,0.5513090721850324,0.3753406103328627,1.0,0.5736026633054554,1
2025-03-17 10:00:00,0.662968689453513,0.5282272680772371,1.0,0.4145607664500137,2
2025-03-17 10:15:00,0.7179240451659642,0.9233025260228696,1.0,0.582524761896388,4
2025-03-17 10:30:00,0.42818153293722083,0.32018816463850286,1.0,0.537512150981711,4
2025-03-17 10:45:00,0.42820178780594853,0.27384089890358576,1.0,0.5801778590976752,5
2025-03-17 11:00:00,0.28660398722532565,0.7729434430436231,1.0,0.48744883192084154,3
2025-03-17 11:15:00,0.1358457610590625,0.23848959302704006,0.8464431918459354,0.5087659788039075,4
2025-03-17 11:30:00,0.19781297794659214,0.867686968578872,1.0,0.5494642039257057,4
2025-03-17 11:45:00,0.15504782321028074,0.9447941339182853,0.9066125338051443,0.4785182961208858,1
2025-03-17 12:00:00,0.5539729235650918,0.9700154417495757,0.911035504877958,0.4360774535238958,1
2025-03-17 12:15:00,0.8080500264539553,0.20679320245644803,1.0,0.4631748024214788,3
2025-03-17 12:30:00,0.6912444273756679,0.736616795628457,0.903250954242159,0.49102972754123714,2
2025-03-17 12:45:00,0.8923041134478478,0.6225677507776199,0.8292693192830118,0.5064028387186339,3
2025-03-17 13:00:00,0.16311867417399134,0.7484632297424569,0.9797154802667882,0.5156128342709632,1
2025-03-17 13:15:00,0.4860413685501509,0.48114981282345115,0.7592790242560491,0.4466364133200311,3
2025-03-17 13:30:00,0.6639801455639286,0.6872463786732116,0.9679966257035058,0.47899009186523184,4
2025-03-17 13:45:00,0.46992745269221914,0.479829809005183,1.0,0.5354978738471173,2
2025-03-17 14:00:00,0.4287476338002588,0.9142640661524892,0.78520646181772,1.0,3
2025-03-17 14:15:00,0.6801240792133612,0.34689242378773966,0.5286022219981861,0.9681598031031518,1
2025-03-17 14:30:00,0.8912493100753508,0.4678123767186662,0.7268896541286292,0.9624185756672511,2
2025-03-17 14:45:00,0.5665754012114007,0.9424550934378977,0.917296461076818,0.9101827344949396,8
2025-03-17 15:00:00,0.4078811296645749,0.5850970015453516,0.8540412930507051,0.7998019196527155,3
2025-03-17 15:15:00,0.7150710086544166,0.6212328674276848,0.7579035799816056,0.9947628098042218,3
2025-03-17 15:30:00,0.14192090979986238,0.5533871263829716,0.7904715045608738,1.0,5
2025-03-17 15:45:00,0.6761740020315904,0.6126478590720787,0.847857485393962,0.9632699842474165,7
2025-03-17 16:00:00,0.5372220460555054,0.8080292099574196,0.7227133751768495,1.0,2
2025-03-17 16:15:00,0.573727376494189,0.5885980223159604,0.6484264714912129,0.9280185932304731,5
2025-03-17 16:30:00,0.8553464382946568,0.7236355903612617,0.6226819339377871,0.9178000631265173,2
2025-03-17 16:45:00,0.8535253308286058,0.23331126071242317,0.8710025361059259,1.0,2
2025-03-17 17:00:00,0.7764364225950161,0.55257048047539,0.6557333240940992,1.0,2
2025-03-17 17:15:00,0.349015914022081,0.9381196098517648,0.6403326572805,1.0,4
2025-03-17 17:30:00,0.4453115945089555,0.6501107069059546,0.904292165532053,1.0,5
2025-03-17 17:45:00,0.1346699310951614,0.8545439296686594,0.5338765947513184,1.0,3
2025-03-17 18:00:00,0.6480808919249904,0.814721567851663,0.6861375298757193,0.9821378557927203,5
2025-03-17 18:15:00,0.8373092068851414,0.7496672366622161,0.7087315400057588,1.0,2
2025-03-17 18:30:00,0.13643604956914795,0.6662326882118333,0.7011532083612886,1.0,3
2025-03-17 18:45:00,0.5413928856723631,0.96631538609054,0.5194342324444252,0.966091729117594,4
2025-03-17 19:00:00,0.40044416473597677,0.9892721308805177,0.6783543637560132,1.0,1
2025-03-17 19:15:00,0.8591800650178195,0.6273286139514567,0.771266972285821,1.0,3
2025-03-17 19:30:00,0.6480538947061929,0.23996789000955232,0.7584822819629375,1.0,0
2025-03-17 19:45:00,0.6158712723808789,0.374846357637501,0.7872644507380633,1.0,2
2025-03-17 20:00:00,0.5519245686078263,0.6786156388375255,0.8339116070606143,0.9347072087425528,4
2025-03-17 20:15:00,0.5211485840123475,0.7786766379809567,0.6768096323399095,0.956957512071364,7
2025-03-17 20:30:00,0.7505793776634341,0.5288170840761304,0.8330370758856194,1.0,5
2025-03-17 20:45:00,0.732362200873195,0.7604611812601743,0.9032245020808638,1.0,1
2025-03-17 21:00:00,0.7082994695069801,0.8148039731179124,0.8033352112441937,0.3726841425313799,3
2025-03-17 21:15:00,0.37320372859580986,0.307695760209372,0.8896387383213726,0.467909305285586,3
2025-03-17 21:30:00,0.1982246769973542,0.9067907281770362,0.7987048034780998,0.5176110746762337,1
2025-03-17 21:45:00,0.6627534939400683,0.7384991627389943,0.893048226501745,0.4690631547567573,2
2025-03-17 22:00:00,0.6026069201510595,0.76132441048322,1.0,0.5086258535575171,2
2025-03-17 22:15:00,0.3352096429750654,0.31137357483031397,0.8452136947716675,0.5068690485255593,2
2025-03-17 22:30:00,0.22680361066388635,0.9556849752333021,0.8624341908515094,0.5505442392900392,2
2025-03-17 22:45:00,0.11558616866664143,0.9308916160374228,1.0,0.5104140911608589,1
2025-03-17 23:00:00,0.8437728008911757,0.8343820234536035,1.0,0.5977364812079716,3
2025-03-17 23:15:00,0.3485290160310687,0.7277965248223128,0.9500984023343308,0.5331874283071901,2
2025-03-17 23:30:00,0.6323434414807705,0.2087772135387055,0.9917267674151025,0.4919847772189875,4
2025-03-17 23:45:00,0.23436688506836045,0.416870783714853,0.8067980524884948,0.5138038172412484,2
2025-03-18 00:00:00,0.27406200041745155,0.6552499345641278,1.0,0.4892102780175065,1
2025-03-18 00:15:00,0.8217106982510284,0.6944614912645264,1.0,0.4594660786140923,0
2025-03-18 00:30:00,0.21859510161570475,0.8947543715060733,0.90965044172885,0.35203232591271605,1
2025-03-18 00:45:00,0.19482494630242667,0.3521954016665679,1.0,0.47437138690936714,3
2025-03-18 01:00:00,0.2990373134761436,0.22739978129521923,0.8758535585480504,0.5604101234565233,2
2025-03-18 01:15:00,0.1594854809178693,0.4469593033542501,1.0,0.4337077639078062,4
2025-03-18 01:30:00,0.2874048714906133,0.354801175584555,1.0,0.5681023903132851,2
2025-03-18 01:45:00,0.34822467723847905,0.21503860537676422,1.0,0.527922134968652,6
2025-03-18 02:00:00,0.44399087057026276,0.2533341196924826,1.0,0.44513479668220535,4
2025-03-18 02:15:00,0.581433531265331,0.27675226362284777,1.0,0.43701409400921964,2
2025-03-18 02:30:00,0.13789595536227967,0.40266245653013305,1.0,0.5870139192568556,4
2025-03-18 02:45:00,0.6691939331145498,0.6157500655402404,0.9506755904284392,0.5218918134221469,4
2025-03-18 03:00:00,0.8819191869745757,0.5867243106773854,1.0,0.5526510408128725,1
2025-03-18 03:15:00,0.683369399935236,0.44649675740457967,1.0,0.4656880173105181,6
2025-03-18 03:30:00,0.6603923170683105,0.6967069138877722,1.0,0.5220269157122689,4
2025-03-18 03:45:00,0.6135805821792759,0.4664067852786027,1.0,0.4073345881254381,4
2025-03-18 04:00:00,0.3506930821615588,0.9776450104429679,1.0,0.37035911122364695,2
2025-03-18 04:15:00,0.13950963440176933,0.8138098044485584,1.0,0.5131250868134064,1
2025-03-18 04:30:00,0.12898219057229757,0.9533084955885693,1.0,0.45913270871365836,2
2025-03-18 04:45:00,0.4205648361592721,0.513204284635005,1.0,0.5030687497840507,2
2025-03-18 05:00:00,0.16039524105995176,0.3499953210615172,1.0,0.5436217130316321,3
2025-03-18 05:15:00,0.7981952360470046,0.6550738393080012,1.0,0.5136594570566472,9
2025-03-18 05:30:00,0.4386450048425681,0.7484313934580813,1.0,0.5108483253567966,1
2025-03-18 05:45:00,0.203232565461564,0.41815383730472927,1.0,0.49008048922578334,2
2025-03-18 06:00:00,0.8009159663213502,0.628635235718547,1.0,0.52257120092352,1
2025-03-18 06:15:00,0.1409549695831693,0.5129486006376103,1.0,0.4883108510148112,0
2025-03-18 06:30:00,0.7153418724547235,0.6103008166950454,1.0,0.5401590511899411,0
2025-03-18 06:45:00,0.24181571981689665,0.9085030632886433,1.0,0.47941467491704226,7
2025-03-18 07:00:00,0.8781022395951756,0.23113582661824594,1.0,0.43984813941274203,3
2025-03-18 07:15:00,0.6329296404055429,0.7757561960396615,1.0,0.5391489210341538,4
2025-03-18 07:30:00,0.2683804813499404,0.6579709449352432,1.0,0.4539394148274959,3
2025-03-18 07:45:00,0.875916475387478,0.2682621420974951,1.0,0.47662881091902637,1
2025-03-18 08:00:00,0.3429834336800638,0.2183135305656153,1.0,0.4540587004952375,7
2025-03-18 08:15:00,0.6802540615323575,0.20858139864284786,1.0,0.47199090502625796,2
2025-03-18 08:30:00,0.3375882495952438,0.9101021365883843,1.0,0.46212404451099487,2
2025-03-18 08:45:00,0.4977478113941386,0.3797370073316806,1.0,0.6090985337545468,5
2025-03-18 09:00:00,0.40554338462026596,0.838552625414057,1.0,0.5226665458002175,5
2025-03-18 09:15:00,0.41660502469911276,0.7785230834895873,1.0,0.5222489160271071,5
2025-03-18 09:30:00,0.6672995935029695,0.3402916863919392,1.0,0.4883028033787957,4
2025-03-18 09:45:00,0.4277800431437362,0.6973567058053158,1.0,0.511797917232914,5
2025-03-18 10:00:00,0.3193375896756562,0.43700945494795385,1.0,0.5558153912910827,4
2025-03-18 10:15:00,0.42279928085858653,0.7598013529123404,1.0,0.4895537539371178,2
2025-03-18 10:30:00,0.3628665636715004,0.21803734433695282,0.9988691222352231,0.5109139352583769,3
2025-03-18 10:45:00,0.36847919060015366,0.7871959729271798,1.0,0.5622372602686381,3
2025-03-18 11:00:00,0.16326326967295895,0.3994514375833624,1.0,0.506098920636025,2
2025-03-18 11:15:00,0.7774878520039032,0.5010551195566812,1.0,0.5157342742248514,4
2025-03-18 11:30:00,0.2570532270130532,0.33811118470809187,0.9217849215422297,0.48664767618500177,2
2025-03-18 11:45:00,0.47806992009271654,0.9946307661580358,0.8518833176478601,0.3975490069975586,2
2025-03-18 12:00:00,0.11002375864007936,0.5013561072778725,0.9690880963848381,0.5095924111492576,3
2025-03-18 12:15:00,0.4358905658104907,0.6658472220962124,0.9021406552367697,0.4498816657398188,3
2025-03-18 12:30:00,0.33923621420503614,0.2409381111390732,0.9334959379987777,0.44477379603227674,3
2025-03-18 12:45:00,0.1078455558811859,0.45776130319115654,0.9043202120534828,0.5146949949136262,5
2025-03-18 13:00:00,0.6212067159459829,0.9873062840884368,0.755976795884731,0.4932671750510196,2
2025-03-18 13:15:00,0.726258211332109,0.5333041208907721,0.9818733370601813,0.5518410786042679,2
2025-03-18 13:30:00,0.13253281638130804,0.4791150619978528,0.8204108138964199,0.427893778496562,3
2025-03-18 13:45:00,0.22750588927472154,0.5756901873329259,0.7836844995043526,0.4758445718871212,3
2025-03-18 14:00:00,0.4511309309814384,0.6955005255934457,0.9656910593590492,0.956459652293977,2
2025-03-18 14:15:00,0.8572902972466292,0.45732678182915737,0.8914858793494747,1.0,2
2025-03-18 14:30:00,0.4820916807673834,0.9791273781988594,0.9300317547568986,1.0,7
2025-03-18 14:45:00,0.8710723947493993,0.7576577766347825,0.8350813726694143,0.9392469642929445,3
2025-03-18 15:00:00,0.40655313837756735,0.33584989891749145,0.763397109034738,1.0,2
2025-03-18 15:15:00,0.43888940921190334,0.22434564639539972,0.8280514540110575,0.9495048906662615,3
2025-03-18 15:30:00,0.8962606740615104,0.82103854325787,0.6054940114395914,0.8052318580235777,2
2025-03-18 15:45:00,0.24231598387618894,0.21227388385077461,0.8813976936782406,0.918057199172793,3
2025-03-18 16:00:00,0.49209880173537013,0.3846248377978916,0.8707151210558229,1.0,3
2025-03-18 16:15:00,0.193578969669832,0.22210209104168116,0.651774584137158,1.0,5
2025-03-18 16:30:00,0.2788234604774046,0.393739801620987,0.6136533964855371,0.993723950659867,2
2025-03-18 16:45:00,0.1420993967920568,0.23652267699897767,0.6846163033167434,1.0,2
2025-03-18 17:00:00,0.8253008867249019,0.5633431681375276,0.7443632318121287,0.9009417429031471,3
2025-03-18 17:15:00,0.8592002770526406,0.8140723061564681,0.7162924773651977,0.9927526595566328,3
2025-03-18 17:30:00,0.5638750758693544,0.2823512988030184,0.7919628039878754,0.9343203909719501,2
2025-03-18 17:45:00,0.3970110211234913,0.6586547989516527,0.5885148103962285,1.0,4
2025-03-18 18:00:00,0.7627028027161086,0.7435827359735749,0.6862157495903789,1.0,0
2025-03-18 18:15:00,0.8428212618164327,0.8457757507757993,0.738422873513064,1.0,2
2025-03-18 18:30:00,0.1168616505674522,0.3481298589344103,0.70632585648512,1.0,2
2025-03-18 18:45:00,0.5055462360542815,0.7434531903272845,0.7253873719735315,0.9159505853099423,3
2025-03-18 19:00:00,0.7395611430604567,0.23291152233357001,0.5628027143874677,1.0,4
2025-03-18 19:15:00,0.34183492256556336,0.8109592420489269,0.932613906084159,0.9316236011884632,2
2025-03-18 19:30:00,0.19356506047932964,0.35632193709894006,0.7851281377740056,0.9692471255956374,6
2025-03-18 19:45:00,0.588290500083349,0.4261891770419963,0.7336312577046574,0.9355133058424414,2
2025-03-18 20:00:00,0.32041054098813837,0.61446224431235,0.7782136845716907,0.8626046566565624,4
2025-03-18 20:15:00,0.6384858388736234,0.9737516130626613,0.7657745376765506,0.9796783496000077,3
2025-03-18 20:30:00,0.16224220019441227,0.4980451619621863,0.7404800902238315,0.8375839769016165,3
2025-03-18 20:45:00,0.8443068524163243,0.89805483594447,0.7527653379817982,1.0,5
2025-03-18 21:00:00,0.3984883418052374,0.29207097333384957,0.9352974343943279,0.45368509646982513,1
2025-03-18 21:15:00,0.5788118577395188,0.6506724752698198,0.9125197123056832,0.44772567365007915,9
2025-03-18 21:30:00,0.4822248572622042,0.7278267651773869,0.7444985695907602,0.5386884678613472,5
2025-03-18 21:45:00,0.26844074291244735,0.33976059250725577,0.8855916186250102,0.43577467446881235,2
2025-03-18 22:00:00,0.28585071741496526,0.49460941271529885,0.8953044160111086,0.5212803624369845,3
2025-03-18 22:15:00,0.7667375171447522,0.8557591769357729,1.0,0.5231436499223238,4
2025-03-18 22:30:00,0.8130510648435249,0.44137997634688414,1.0,0.5605994611483102,3
2025-03-18 22:45:00,0.24434407216020163,0.9448069188196258,0.8964295150088458,0.4559395411648641,1
2025-03-18 23:00:00,0.3473128513992765,0.5358813159732514,0.871212539789036,0.49583883606718787,2
2025-03-18 23:15:00,0.8918210734224777,0.23533553695195925,0.9469715260318441,0.5003602361311023,3
2025-03-18 23:30:00,0.5715549040952036,0.3261891435935994,0.8831317635459888,0.41053359639702897,6
2025-03-18 23:45:00,0.44626502508280586,0.3050515567179063,0.9568365370112446,0.4941023916058431,2
2025-03-19 00:00:00,0.46648880914886803,0.4816878432246567,1.0,0.42757947849247036,2
2025-03-19 00:15:00,0.5848320358233277,0.6367628005466301,0.9939221487866408,0.5076197091298524,1
2025-03-19 00:30:00,0.8318908271956412,0.7164506092432801,1.0,0.5145542650084164,3
2025-03-19 00:45:00,0.3674077456299225,0.7289275283213976,0.9341460776842869,0.5482839652436058,5
2025-03-19 01:00:00,0.18781915399692892,0.26909932987146556,0.8892786440103195,0.5200534855249086,8
2025-03-19 01:15:00,0.3838369775056988,0.7592736607185324,1.0,0.47588274784682666,0
2025-03-19 01:30:00,0.7899569589343421,0.7619246270714224,1.0,0.5702247646824891,1
2025-03-19 01:45:00,0.35984135580136234,0.7228143754570964,1.0,0.4629231752132215,3
2025-03-19 02:00:00,0.1600762327579778,0.2557077236621863,1.0,0.533055733542539,3
2025-03-19 02:15:00,0.46441030055527577,0.7597067899485277,1.0,0.542925832745845,2
2025-03-19 02:30:00,0.31968020547664466,0.6708027697555587,1.0,0.4880788702046986,2
2025-03-19 02:45:00,0.4970770897882907,0.251689349749962,1.0,0.5153791857531096,2
2025-03-19 03:00:00,0.16267114105784444,0.34015898337704187,1.0,0.4834347236417158,6
2025-03-19 03:15:00,0.695392928927588,0.26377399965884385,1.0,0.5842249064350258,3
2025-03-19 03:30:00,0.24942690470551804,0.6121843427148577,1.0,0.45320233507704644,0
2025-03-19 03:45:00,0.8799889269281254,0.9280069259517207,1.0,0.5349194684397036,3
2025-03-19 04:00:00,0.7344500875114391,0.32122887094711783,1.0,0.49874388271380093,1
2025-03-19 04:15:00,0.7839731467218208,0.6684227748758677,1.0,0.44868120147000357,1
2025-03-19 04:30:00,0.3581915128638633,0.9258337770549374,1.0,0.4965136993670492,0
2025-03-19 04:45:00,0.1605659063954896,0.3999340466730025,1.0,0.5076099475716233,4
2025-03-19 05:00:00,0.7507483332417118,0.3084192022852021,1.0,0.5236488957439607,6
2025-03-19 05:15:00,0.7334680390313117,0.5525117062069005,1.0,0.43408469294561736,0
2025-03-19 05:30:00,0.23786786271941215,0.9962808239554402,1.0,0.5000146692395162,3
2025-03-19 05:45:00,0.3489816637604768,0.549928975139444,1.0,0.5460748176803617,4
2025-03-19 06:00:00,0.8687471511676275,0.5449199847272455,1.0,0.5340847670228932,0
2025-03-19 06:15:00,0.6840047601039797,0.9063368977796473,1.0,0.5476591590462162,3
2025-03-19 06:30:00,0.4035363683416676,0.7018268339497451,1.0,0.4790451726548295,5
2025-03-19 06:45:00,0.5257064816808638,0.24599389178242925,1.0,0.5397473155923427,2
2025-03-19 07:00:00,0.6623278445914255,0.3725845041442874,1.0,0.5511033566213412,3
2025-03-19 07:15:00,0.3442209581524497,0.8045987080791401,1.0,0.4552677903430655,4
2025-03-19 07:30:00,0.38693240879272295,0.3301110290280539,1.0,0.4778598523170481,3
2025-03-19 07:45:00,0.5787224367754115,0.6125230204154393,1.0,0.49835745327205644,2
2025-03-19 08:00:00,0.7887345185873187,0.8042597458005207,1.0,0.5219761101084173,1
2025-03-19 08:15:00,0.5176202241043594,0.3304677477972664,1.0,0.5331208103119705,4
2025-03-19 08:30:00,0.5916254681078053,0.248637386311741,1.0,0.5164038993945965,2
2025-03-19 08:45:00,0.81858981105502,0.7967414128981394,1.0,0.5744074474751023,3
2025-03-19 09:00:00,0.7853472596970028,0.7650599209879154,1.0,0.47267836876286135,6
2025-03-19 09:15:00,0.581472915716373,0.6788374662310339,1.0,0.5262476752606826,1
2025-03-19 09:30:00,0.5287845362813813,0.4277741797093712,1.0,0.4166095887908425,2
2025-03-19 09:45:00,0.5690124080257565,0.48917728044598674,1.0,0.4369227265081114,1
2025-03-19 10:00:00,0.35316839678870415,0.5123860285845003,0.8890177818103971,0.46609932400761933,5
2025-03-19 10:15:00,0.6239577450290057,0.32427441295662063,1.0,0.5504894369319101,2
2025-03-19 10:30:00,0.12784040106685757,0.4655091418274552,1.0,0.5702411307595585,3
2025-03-19 10:45:00,0.18288035686621457,0.6164659320563091,1.0,0.5096394718776006,4
2025-03-19 11:00:00,0.28629843596620774,0.596420374051602,1.0,0.5017781509875896,2
2025-03-19 11:15:00,0.3715235618720093,0.2938973484817317,0.8677948290776254,0.5632100793057181,5
2025-03-19 11:30:00,0.6696469652336356,0.5206799486970153,1.0,0.4608675649380189,5
2025-03-19 11:45:00,0.11019729247712978,0.6972035749486866,1.0,0.46966109207709006,1
2025-03-19 12:00:00,0.6605048707924661,0.7136741088396372,0.9267710331902035,0.4487399367494225,2
2025-03-19 12:15:00,0.7326885867617278,0.2177206811259061,1.0,0.528817415331709,3
2025-03-19 12:30:00,0.20728208237236512,0.9684904831047088,1.0,0.5020356858473124,6
2025-03-19 12:45:00,0.4135363127521049,0.22859528745928231,0.9744894048719339,0.5849210883746468,5
2025-03-19 13:00:00,0.5891743798760468,0.8718442832746685,0.7184677331952649,0.5456683374475895,3
2025-03-19 13:15:00,0.6070930442307627,0.6907860005170267,1.0,0.4144923639673115,0
2025-03-19 13:30:00,0.5972286797666192,0.7007860013277543,0.8930096261853984,0.44586357052835984,4
2025-03-19 13:45:00,0.18973439314839535,0.7133767411838012,0.8631416915136781,0.5190769601193695,5
2025-03-19 14:00:00,0.5350024318624407,0.27517595213125245,0.8978545413937019,0.9601211771408157,5
2025-03-19 14:15:00,0.8471041070273762,0.7911186137194617,0.9168169037582252,1.0,1
2025-03-19 14:30:00,0.20213858196531886,0.7147046154630046,0.7508800003056595,0.891086396873391,2
2025-03-19 14:45:00,0.7814494284933128,0.46403309038995194,0.8002750026974214,1.0,4
2025-03-19 15:00:00,0.8876325823510806,0.8541751698041844,0.805659653512383,0.8525788928412942,3
2025-03-19 15:15:00,0.1889108988475443,0.37901402139512286,0.8072691084500785,0.9432020428739004,3
2025-03-19 15:30:00,0.8131101768957705,0.306375841680869,0.8433281048485572,1.0,2
2025-03-19 15:45:00,0.20927045589480076,0.5622641667960153,0.8625454077711672,0.7074425761333654,6
2025-03-19 16:00:00,0.1381195696235511,0.47863140314212177,0.7362288820762456,1.0,0
2025-03-19 16:15:00,0.770481671053981,0.9084012721279924,0.7743303589179618,0.994802164675882,4
2025-03-19 16:30:00,0.48065892643298336,0.3341866915557861,0.7215806992827045,0.991430099197741,5
2025-03-19 16:45:00,0.4323478248739464,0.38039352555241657,0.659045310637028,1.0,2
2025-03-19 17:00:00,0.6842095556487628,0.45790772863138457,0.6401665667083569,0.7961852579855441,2
2025-03-19 17:15:00,0.46766175210144967,0.573565855731745,0.7886246863952613,0.9997891229093925,3
2025-03-19 17:30:00,0.11199706624649625,0.3700309176481398,0.8915201136842785,1.0,5
2025-03-19 17:45:00,0.8311417379829624,0.26246566869292737,0.5485370927765458,1.0,2
2025-03-19 18:00:00,0.4048247886387447,0.9238380752751854,0.7113286414721416,0.8744268116081416,1
2025-03-19 18:15:00,0.6751020167572934,0.3660009195264488,0.7377338827654225,0.879563334779087,2
2025-03-19 18:30:00,0.552755083081138,0.6540244648522924,0.8270307819804863,1.0,3
2025-03-19 18:45:00,0.8549064107370449,0.8808579031859016,0.7560352439412408,0.8816632077911435,3
2025-03-19 19:00:00,0.3944977201850378,0.28021918724561323,0.5915526262455009,1.0,5
2025-03-19 19:15:00,0.8956923276590085,0.7076138447645701,0.630129340476092,0.8418894276666865,3
2025-03-19 19:30:00,0.5897921844692441,0.2824788406623311,0.6781269240967143,0.9597334983820066,2
2025-03-19 19:45:00,0.5920075941068352,0.2785530054801344,0.5801102414663426,0.9465125866070714,3
2025-03-19 20:00:00,0.4034554059835167,0.820314993745523,0.7358054538329171,0.9067584183603731,1
2025-03-19 20:15:00,0.2975017040162511,0.7245524586432714,0.8140128673453528,0.8739076516504991,0
2025-03-19 20:30:00,0.6883762036082379,0.5702789377559858,0.7554844965444423,0.9030916169769129,3
2025-03-19 20:45:00,0.3060734660300513,0.23694651420227367,0.8474940032878413,0.9491672039957002,6
2025-03-19 21:00:00,0.8533265305921912,0.6406251530036249,0.7033559971809263,0.48771617126961875,3
2025-03-19 21:15:00,0.13766544811824621,0.899181177426372,0.9002789434446175,0.4827011990008634,4
2025-03-19 21:30:00,0.37468656169008563,0.959249194516784,0.8488147094082543,0.5543221453015629,2
2025-03-19 21:45:00,0.4737117391428992,0.7204202596053904,0.6941567695603059,0.43181510755686264,3
2025-03-19 22:00:00,0.24960538607915084,0.21696163984751832,0.8214949754124585,0.4611243082634329,5
2025-03-19 22:15:00,0.8959066024749021,0.7749162739293993,0.8676845906403898,0.46665717751959745,6
2025-03-19 22:30:00,0.5098812284755446,0.5760191142253144,0.9753146194326985,0.469442906536682,1
2025-03-19 22:45:00,0.2349910113823655,0.4764632133208994,1.0,0.4831236592422345,5
2025-03-19 23:00:00,0.2665677062556047,0.8094797116734989,0.7969238625517578,0.5636916830050827,0
2025-03-19 23:15:00,0.8716931890527647,0.6534009702814984,0.9491763409262035,0.5472147112636452,7
2025-03-19 23:30:00,0.3144582367073907,0.748710297560871,1.0,0.4959849043068006,2
2025-03-19 23:45:00,0.3677351231390906,0.5688228446734108,0.9508871919529298,0.4780479453276572,1
2025-03-20 00:00:00,0.40501808136238926,0.7829946791189575,0.9397021369681731,0.41258788109055267,2
2025-03-20 00:15:00,0.854598267535718,0.6769851047343542,1.0,0.47198247687262435,3
2025-03-20 00:30:00,0.6582795346377777,0.28078908018043375,0.931142017223325,0.46591251426859476,2
2025-03-20 00:45:00,0.5915612492341976,0.7904505682754244,1.0,0.4732518715134292,3
2025-03-20 01:00:00,0.39563464108589097,0.33843995323335974,1.0,0.4625022118437875,6
2025-03-20 01:15:00,0.6448243520470174,0.4110517320663314,1.0,0.5815658751186324,2
2025-03-20 01:30:00,0.46351910167966215,0.5101683995688884,0.9961871629491252,0.45565255847149416,4
2025-03-20 01:45:00,0.7897767189640824,0.6919605389204568,1.0,0.4651692583625025,2
2025-03-20 02:00:00,0.5052736667630096,0.3637337027521837,1.0,0.4641704156343415,3
2025-03-20 02:15:00,0.8247758990030505,0.32508360267542424,1.0,0.5305798292751358,2
2025-03-20 02:30:00,0.6717705961456656,0.9458544588876647,1.0,0.5340276371914103,2
2025-03-20 02:45:00,0.8418673320140526,0.815805416600534,1.0,0.5144017845913292,6
2025-03-20 03:00:00,0.6939451515632222,0.7633794394517064,0.9939559154712047,0.519076478062312,2
2025-03-20 03:15:00,0.5050628474174407,0.8366341024528243,1.0,0.4537854519953538,7
2025-03-20 03:30:00,0.5333232106153142,0.2527188219950704,1.0,0.46095602279863085,3
2025-03-20 03:45:00,0.5365906859500535,0.9239110247247002,1.0,0.5827385180160454,3
2025-03-20 04:00:00,0.15435192327374994,0.611795234572138,1.0,0.5015302822485899,4
2025-03-20 04:15:00,0.8441766332943219,0.34409709954931655,1.0,0.44986625486168724,3
2025-03-20 04:30:00,0.7233662802185453,0.5235431397274108,1.0,0.5170052719160869,2
2025-03-20 04:45:00,0.7090125270606273,0.8183568260254694,1.0,0.5428039813467023,3
2025-03-20 05:00:00,0.3870050035790623,0.985124980051922,1.0,0.5635616729370143,5
2025-03-20 05:15:00,0.11391379180618647,0.3316667693804273,1.0,0.42894788937178036,2
2025-03-20 05:30:00,0.28688634079536035,0.4161083753510295,1.0,0.5755650413844877,6
2025-03-20 05:45:00,0.44552536436599877,0.7007644047598929,1.0,0.4895122234522612,2
2025-03-20 06:00:00,0.4654798580378655,0.20061755648829724,1.0,0.5115775904499467,2
2025-03-20 06:15:00,0.2017660351812902,0.5230108547026708,1.0,0.4376041415971011,5
2025-03-20 06:30:00,0.8571186179030649,0.5699994540802182,1.0,0.5946639974173679,1
2025-03-20 06:45:00,0.1329559137852594,0.6626240248762043,1.0,0.3980992861059942,5
2025-03-20 07:00:00,0.6996248900151794,0.3645850612289017,1.0,0.4824440445925622,0
2025-03-20 07:15:00,0.6942783718957156,0.9446521419839014,1.0,0.5706913808532397,1
2025-03-20 07:30:00,0.8842664582632856,0.6634153439788544,1.0,0.5391354518098914,1
2025-03-20 07:45:00,0.7895665152180033,0.8224804080289947,1.0,0.4178654125491767,4
2025-03-20 08:00:00,0.13875265840141646,0.24376101028351896,1.0,0.46436735967250375,2
2025-03-20 08:15:00,0.8499508656862423,0.29028584711411826,1.0,0.5161283250610945,2
2025-03-20 08:30:00,0.24517778289337358,0.259335949060442,1.0,0.5342794302587839,5
2025-03-20 08:45:00,0.16330290477177617,0.7080173765582038,1.0,0.4632841723720268,2
2025-03-20 09:00:00,0.8425439857522641,0.9940282553859483,1.0,0.452215482138262,1
2025-03-20 09:15:00,0.6609956288359111,0.5336424925367604,1.0,0.42695754388226137,5
2025-03-20 09:30:00,0.721625635578546,0.31694464933050215,1.0,0.47580396329996855,2
2025-03-20 09:45:00,0.16830413626292362,0.5281110998507301,1.0,0.48582256754203407,3
2025-03-20 10:00:00,0.7793148199622199,0.2580625671691575,1.0,0.5306743794048003,2
2025-03-20 10:15:00,0.5691661577069976,0.9945688935007941,1.0,0.44747476764582134,2
2025-03-20 10:30:00,0.12768915587170576,0.5874215496362725,0.8557240898762541,0.5203778956151908,3
2025-03-20 10:45:00,0.18132219524981014,0.3863988818985659,0.9547932259879287,0.540066477822543,2
2025-03-20 11:00:00,0.43217359920604315,0.24427969825806983,1.0,0.5442158814845636,2
2025-03-20 11:15:00,0.8441602144460052,0.20741999220993296,1.0,0.5545066052743389,3
2025-03-20 11:30:00,0.6202566343944408,0.2555574982535018,1.0,0.4899510696984632,4
2025-03-20 11:45:00,0.6419781958331308,0.7740796764545526,0.9163515331992458,0.4722727490687969,3
2025-03-20 12:00:00,0.3475703718548011,0.6752307701331288,1.0,0.4388661324373764,3
2025-03-20 12:15:00,0.3161463784306944,0.8438724306665193,0.9659017714316792,0.5422859965920341,4
2025-03-20 12:30:00,0.5200961032824536,0.45845636519905364,0.7954412936284865,0.4844279204054396,5
2025-03-20 12:45:00,0.5406482110028087,0.5123127591117054,1.0,0.5303367084737513,2
2025-03-20 13:00:00,0.217866136962693,0.45448068367574046,0.7547690140132428,0.4391996563763477,3
2025-03-20 13:15:00,0.6594057695483289,0.614388575072681,0.792924691500125,0.507593974160688,4
2025-03-20 13:30:00,0.47835369121998494,0.6518073398213591,0.7795521348193711,0.4906574743950003,3
2025-03-20 13:45:00,0.7620153249633792,0.21254112623370763,0.7963833265843152,0.43878691425566696,5
2025-03-20 14:00:00,0.6013919335844634,0.8717644857384532,0.7888275918972312,0.9807503360647332,1
2025-03-20 14:15:00,0.24676035208328076,0.5953057067873762,0.8448588394593066,0.9040402701753579,3
2025-03-20 14:30:00,0.3723767940028855,0.2443930218453672,0.6749475265305723,1.0,2
2025-03-20 14:45:00,0.26708312903921333,0.6052849858647862,0.7438681520109458,1.0,5
2025-03-20 15:00:00,0.8471376487305732,0.49748991658092,0.7260558426547221,1.0,2
2025-03-20 15:15:00,0.8177981587086696,0.39910777052890867,0.7955135592947322,1.0,4
2025-03-20 15:30:00,0.8807909388239755,0.20018261976413979,0.737943853542687,1.0,3
2025-03-20 15:45:00,0.5048026889286364,0.38468686299709676,0.7381708177730781,0.8298498567212841,1
2025-03-20 16:00:00,0.28980063425940533,0.4675718127447563,0.8365981829210333,0.9764534518868713,2
2025-03-20 16:15:00,0.11620302171292787,0.4892308812944444,0.7923494363208193,1.0,3
2025-03-20 16:30:00,0.8257356649184837,0.6064042511957297,0.7024952981653124,1.0,5
2025-03-20 16:45:00,0.10725868914244599,0.33716309919009124,0.6306649442041377,1.0,2
2025-03-20 17:00:00,0.28780971351845486,0.5412326689072838,0.5885801930208618,0.8573336617146653,2
2025-03-20 17:15:00,0.8904209269042471,0.3486036683172371,0.7335225917478816,0.8783716015648322,7
2025-03-20 17:30:00,0.5883435931470468,0.9837846776926229,0.6221671044376318,1.0,3
2025-03-20 17:45:00,0.28921546427242906,0.5255048991513025,0.7192641149404904,1.0,5
2025-03-20 18:00:00,0.16153656855074836,0.9258338529924577,0.7791341791836583,0.9165140407904887,1
2025-03-20 18:15:00,0.20257645212763783,0.4584041302016165,0.7368625328471715,0.9804490972458728,4
2025-03-20 18:30:00,0.30265270472911954,0.6974415400159815,0.6596196363526641,0.9534025472809187,4
2025-03-20 18:45:00,0.23735931705242497,0.42811784174975887,0.7533189124485318,1.0,5
2025-03-20 19:00:00,0.7192551356222036,0.9767100628317473,0.7092233060048801,1.0,6
2025-03-20 19:15:00,0.5935498321547938,0.8320912364356559,0.47233290767759545,1.0,4
2025-03-20 19:30:00,0.3256954254135945,0.7364366775898048,0.8701201050052252,1.0,2
2025-03-20 19:45:00,0.8933434273194646,0.8324832820030519,0.7744153944408667,1.0,2
2025-03-20 20:00:00,0.33122719903905995,0.8564667498656366,0.6870410595591353,1.0,3
2025-03-20 20:15:00,0.10468284463495321,0.22173021289796166,0.6956597803149112,1.0,4
2025-03-20 20:30:00,0.5416891942462766,0.37019855335603635,0.6621390198229071,0.9516044271399102,4
2025-03-20 20:45:00,0.2058460679491919,0.8241781214679829,0.6485459158482083,1.0,3
2025-03-20 21:00:00,0.1543131855658765,0.2757732779630267,0.895893248817425,0.5223707919557423,2
2025-03-20 21:15:00,0.8910164963164214,0.33026215798064007,0.8991569033574849,0.5439379312569529,1
2025-03-20 21:30:00,0.39239373103274766,0.5544508664043972,0.7645575949865191,0.5270404391277607,2
2025-03-20 21:45:00,0.8388579498204984,0.302021307063942,1.0,0.44806374602156357,1
2025-03-20 22:00:00,0.7770665243821908,0.6985205866843793,0.8707260002780739,0.6476529795753082,3
2025-03-20 22:15:00,0.5202702024139504,0.6093554600090509,0.8848619112948073,0.540543594485092,0
2025-03-20 22:30:00,0.8676118126444283,0.5176805806789312,0.7697665067376153,0.5023110863358777,4
2025-03-20 22:45:00,0.5250407476819478,0.7404040776869583,0.7795537685752172,0.4561662063330041,6
2025-03-20 23:00:00,0.6221074405007847,0.36342038015484146,1.0,0.440044666767928,1
2025-03-20 23:15:00,0.8715845230102327,0.8374128366717064,0.9373496039908793,0.4739924086795171,3
2025-03-20 23:30:00,0.5729376566807071,0.7404287921756831,0.9961133442769058,0.41745894861298505,4
2025-03-20 23:45:00,0.47608790883191887,0.33706973660106865,0.9291640163815691,0.5923265928808035,4
2025-03-21 00:00:00,0.2753814199362137,0.7087669056613535,1.0,0.5315845260900985,2
2025-03-21 00:15:00,0.10556687256556084,0.6465062678264528,1.0,0.5954285906180479,3
2025-03-21 00:30:00,0.8988105875728306,0.22831228800125825,1.0,0.5232003248118164,3
2025-03-21 00:45:00,0.6105447037135693,0.7658869914472513,1.0,0.464194032199565,1
2025-03-21 01:00:00,0.5487988453428487,0.8498377726906157,1.0,0.5476034513843817,2
2025-03-21 01:15:00,0.6666718625211508,0.5303566551227062,1.0,0.40060134950332354,1
2025-03-21 01:30:00,0.8793856612036585,0.46137929581503123,1.0,0.4998588751187822,1
2025-03-21 01:45:00,0.5692840828054551,0.9683083957794043,1.0,0.5029603474258327,6
2025-03-21 02:00:00,0.4309210567191535,0.5767222502601178,1.0,0.5484549921329991,7
2025-03-21 02:15:00,0.12368944230500736,0.713680321188251,1.0,0.5379934748559932,0
2025-03-21 02:30:00,0.10011283608821016,0.20796337231152384,1.0,0.522417710825052,5
2025-03-21 02:45:00,0.837485430067086,0.8130094722926546,1.0,0.5314007841016914,3
2025-03-21 03:00:00,0.6883831311394853,0.7120975186122727,1.0,0.5249101453464828,4
2025-03-21 03:15:00,0.6719329597675001,0.6454978407137582,1.0,0.571878526759299,6
2025-03-21 03:30:00,0.601122879455211,0.9792407875472671,1.0,0.5475331315720771,3
2025-03-21 03:45:00,0.2510979373354646,0.30063734149549015,1.0,0.4570030019681355,1
2025-03-21 04:00:00,0.6729813224716693,0.20702415150739262,1.0,0.45748142165203404,2
2025-03-21 04:15:00,0.259593398483943,0.34594850064931065,1.0,0.44623051518266516,5
2025-03-21 04:30:00,0.6257117054087882,0.826242223648588,1.0,0.4586045274678178,6
2025-03-21 04:45:00,0.19546625427819855,0.6512428016418236,1.0,0.5204254586587284,5
2025-03-21 05:00:00,0.19265097090817662,0.8750012629434982,1.0,0.49827161093723055,2
2025-03-21 05:15:00,0.43271164364333226,0.4939503153957019,1.0,0.4432026776778061,2
2025-03-21 05:30:00,0.6755081732460717,0.31010165138500806,1.0,0.506699800395304,3
2025-03-21 05:45:00,0.40309919436245034,0.750882911485717,1.0,0.45836985252508794,3
2025-03-21 06:00:00,0.16085834075042948,0.3090847842880597,1.0,0.5778541116023747,0
2025-03-21 06:15:00,0.6529508131003852,0.48903603704894527,1.0,0.5106705641350339,3
2025-03-21 06:30:00,0.642653178578866,0.7828239902913012,1.0,0.5992451253898027,1
2025-03-21 06:45:00,0.7629860759383519,0.5343450464888198,1.0,0.4894691701175083,0
2025-03-21 07:00:00,0.36778353970044597,0.4409836338129254,1.0,0.5194563869320138,2
2025-03-21 07:15:00,0.8983488692523153,0.27214031247329046,1.0,0.414863409320149,4
2025-03-21 07:30:00,0.35958146200479135,0.38813865732978137,1.0,0.49674808479015065,9
2025-03-21 07:45:00,0.2749523680278883,0.8733883445556372,1.0,0.5631572157598383,1
2025-03-21 08:00:00,0.36919043200641155,0.8368231602472112,1.0,0.48429884966192005,2
2025-03-21 08:15:00,0.8750650111836427,0.2593082499122626,1.0,0.4070022980836077,2
2025-03-21 08:30:00,0.8825289881296382,0.29075139399809685,1.0,0.449468734324706,3
2025-03-21 08:45:00,0.6917426306004058,0.216569361654793,1.0,0.505682330571873,4
2025-03-21 09:00:00,0.3251627063661747,0.8644073796683522,1.0,0.38538946473457175,5
2025-03-21 09:15:00,0.4930012717652288,0.9188002433861557,1.0,0.5372391290900739,4
2025-03-21 09:30:00,0.8113395125657674,0.9258962938401758,1.0,0.43325170334809854,2
2025-03-21 09:45:00,0.6916489431473766,0.8163174364972818,1.0,0.4819600222969124,2
2025-03-21 10:00:00,0.7187716387068425,0.6926662595061874,1.0,0.5692996643685602,3
2025-03-21 10:15:00,0.8382228431980542,0.5056791244351353,1.0,0.5017698185991547,6
2025-03-21 10:30:00,0.34231633205136514,0.3237869085591217,1.0,0.43621362898571825,1
2025-03-21 10:45:00,0.6851484191250979,0.9417900171637219,0.8616657727368335,0.49241583387397514,1
2025-03-21 11:00:00,0.8359435120198868,0.32822857009952583,0.985011046419578,0.5150781562551343,1
2025-03-21 11:15:00,0.24206643773696276,0.787217434509907,1.0,0.4917404441721986,3
2025-03-21 11:30:00,0.7219746109211461,0.8191692812316904,1.0,0.4355718430977973,2
2025-03-21 11:45:00,0.6669712733712775,0.9339319633550265,1.0,0.44198506015009564,3
2025-03-21 12:00:00,0.7243626860213327,0.23587737461555475,1.0,0.4391506438795718,6
2025-03-21 12:15:00,0.11493461401363421,0.4139491625077912,0.9959908655233247,0.49727605134404135,1
2025-03-21 12:30:00,0.38307115224880284,0.8871701342899914,0.9925363254930546,0.5829711091281392,0
2025-03-21 12:45:00,0.32546112049413134,0.22717274843842405,0.9245089177026409,0.5296490822931584,2
2025-03-21 13:00:00,0.5352261739819383,0.4553684755411285,0.7391612406171774,0.4543746998881185,2
2025-03-21 13:15:00,0.39920830972762866,0.4007002015068133,0.9026171745760494,0.6511916766171081,3
2025-03-21 13:30:00,0.7008018041737367,0.2469248741528917,0.8792460856537627,0.44192991500478734,4
2025-03-21 13:45:00,0.11764148515002502,0.5205582560656073,0.8282134942122041,0.4814660651338827,4
2025-03-21 14:00:00,0.5895860128331332,0.35578214834762073,0.791291086812336,1.0,4
2025-03-21 14:15:00,0.1588580488310515,0.5123597299348093,0.8371217193763822,0.9703714804706822,0
2025-03-21 14:30:00,0.12860335541777018,0.9496665190392564,0.715561155601826,1.0,3
2025-03-21 14:45:00,0.16097961519681495,0.816961959286405,0.810394482068102,1.0,5
2025-03-21 15:00:00,0.641508643853422,0.452919494717633,0.9066532869906454,0.9677231675293907,2
2025-03-21 15:15:00,0.5597521514546655,0.3880624525911925,0.8714388511355194,1.0,5
2025-03-21 15:30:00,0.8077693509882767,0.4123650514804685,0.7711382645979306,0.5901444951714092,3
2025-03-21 15:45:00,0.7548845255844804,0.9372179761183899,0.8554665402768149,0.9716785179404451,2
2025-03-21 16:00:00,0.8414814930557367,0.6345763521669601,0.7912593591269836,0.819483116347564,2
2025-03-21 16:15:00,0.4751709113820647,0.3497685628998346,0.6554852030152336,0.8504568909208227,2
2025-03-21 16:30:00,0.5154344533772077,0.4377113605561582,0.7202400265986022,1.0,1
2025-03-21 16:45:00,0.49801196489056954,0.7035718658075774,0.6628806273393806,0.9750650365446559,1
2025-03-21 17:00:00,0.726188326926262,0.9765590148702419,0.5746450175622317,1.0,3
2025-03-21 17:15:00,0.15509317103903122,0.4427398163808211,0.7360525249178238,0.9803305831110253,5
2025-03-21 17:30:00,0.33191695568658,0.7321743786351758,0.8157256552645988,0.9558615215410955,1
2025-03-21 17:45:00,0.7064074681523652,0.23371430948079708,0.6426076188417345,0.9529118382919942,1
2025-03-21 18:00:00,0.2751950452777032,0.3361460308375376,0.8122052233532522,0.9608958104185797,3
2025-03-21 18:15:00,0.6743514972490632,0.4405545294131484,0.5484080670397613,0.9755683675800325,0
2025-03-21 18:30:00,0.4195221776835085,0.8322558713635253,0.602605937157267,1.0,4
2025-03-21 18:45:00,0.8696846982746725,0.36689408822396513,0.7071322266590883,0.8862263547961311,3
2025-03-21 19:00:00,0.8475719101193849,0.7632135074704809,0.7717485551766976,1.0,0
2025-03-21 19:15:00,0.5619969965125057,0.7031393530972851,0.757447298356207,1.0,4
2025-03-21 19:30:00,0.6422370522477394,0.9282953914491789,0.7556220799379769,1.0,3
2025-03-21 19:45:00,0.5265913275499124,0.8896591600316783,0.7217698603091118,0.9836293372219809,3
2025-03-21 20:00:00,0.4110839750325749,0.8435304842636471,0.872980119231761,0.856644106677485,4
2025-03-21 20:15:00,0.2639898987733933,0.2982920164279538,0.8022877733443667,1.0,1
2025-03-21 20:30:00,0.14283710165937144,0.9126257598754688,0.5471139243129595,1.0,5
2025-03-21 20:45:00,0.36709283909265134,0.41657591259619875,0.8922633745558306,1.0,3
2025-03-21 21:00:00,0.3597321595959252,0.4846089660631456,0.8680282138102476,0.5027406245021051,4
2025-03-21 21:15:00,0.33425420937854444,0.3597924936866421,0.724830327414064,0.47816094775339557,1
2025-03-21 21:30:00,0.20974138042544288,0.7185455381474675,0.8472057180957198,0.4990255948758694,4
2025-03-21 21:45:00,0.6927289803835873,0.7713128897626038,0.9985996116172577,0.4896289674012486,5
2025-03-21 22:00:00,0.5898701477051559,0.4115529322469733,0.8427893274977665,0.5351030166773358,3
2025-03-21 22:15:00,0.7397675422798748,0.7497927053578002,0.840854143236222,0.477089949755563,2
2025-03-21 22:30:00,0.2683918355930438,0.8722848078224683,0.9605141961014942,0.5341586535362168,2
2025-03-21 22:45:00,0.38485223026173443,0.8771568937617609,0.8736146664226812,0.43591799856869423,2
2025-03-21 23:00:00,0.38818474309973805,0.37538810462503175,0.8982776031661895,0.4866350381773628,1
2025-03-21 23:15:00,0.13823149251221897,0.2812512411203624,1.0,0.41155396738876393,8
2025-03-21 23:30:00,0.6917285684706675,0.9719210819369788,1.0,0.5150713604669894,6
2025-03-21 23:45:00,0.6163548927524702,0.24286841976230714,0.8245934989176975,0.49119501248237524,1
2025-03-22 00:00:00,0.22037012385826973,0.7098052213001051,1.0,0.506219149342709,2
2025-03-22 00:15:00,0.8457105349137998,0.5620442745308348,1.0,0.49101381155906404,5
2025-03-22 00:30:00,0.6830219024620219,0.3655024737518833,0.9683964524709661,0.4951312594676477,6
2025-03-22 00:45:00,0.6088078679199225,0.2957718517897379,0.9088375590236201,0.5185506562618415,3
2025-03-22 01:00:00,0.11605949706356924,0.9907954952917148,1.0,0.5327850553512308,0
2025-03-22 01:15:00,0.36321510656325096,0.5098443218936604,1.0,0.4981261235050352,2
2025-03-22 01:30:00,0.41641787819147413,0.4118158705450422,1.0,0.4521798047241589,2
2025-03-22 01:45:00,0.2112738583217551,0.8706810253153028,1.0,0.4509441582249563,2
2025-03-22 02:00:00,0.3168991714685827,0.20964233000781782,1.0,0.4608303516403824,1
2025-03-22 02:15:00,0.6596099165952578,0.24113565268255935,1.0,0.4348762576525216,3
2025-03-22 02:30:00,0.6255321728620434,0.24716817958855783,1.0,0.5819745810264316,4
2025-03-22 02:45:00,0.23256214654781893,0.973241160766156,1.0,0.47243527699163823,2
2025-03-22 03:00:00,0.3868949436124808,0.6065000283955224,1.0,0.5270636444151507,1
2025-03-22 03:15:00,0.8641715209976788,0.8671847837918827,1.0,0.46705167756789995,4
2025-03-22 03:30:00,0.12815774185953616,0.8796779441051392,1.0,0.49089682189916983,3
2025-03-22 03:45:00,0.5592153586443998,0.7158730141208156,1.0,0.4892778529086637,2
2025-03-22 04:00:00,0.11810753961150917,0.3275796766726613,1.0,0.5122497994764791,3
2025-03-22 04:15:00,0.15985805992897034,0.4382229158648593,1.0,0.46048767375050836,3
2025-03-22 04:30:00,0.18312330094560939,0.7344894897666321,1.0,0.4831079392360476,2
2025-03-22 04:45:00,0.3479249058466033,0.7597650445619897,1.0,0.5711754220083183,3
2025-03-22 05:00:00,0.8706783317791491,0.2851939198298668,1.0,0.5880072788807501,7
2025-03-22 05:15:00,0.28982016357825446,0.7559396285682893,1.0,0.5688210327014236,3
2025-03-22 05:30:00,0.8808178476463365,0.8086879447274364,1.0,0.49841879525197,4
2025-03-22 05:45:00,0.4384598492812838,0.9017449184839972,1.0,0.4385229192385598,7
2025-03-22 06:00:00,0.49621879164237237,0.25942324732499034,1.0,0.4489607847507936,2
2025-03-22 06:15:00,0.8771526770260212,0.9046685689427478,1.0,0.5102618145008787,4
2025-03-22 06:30:00,0.4603644170430997,0.6123700415540704,1.0,0.48855540943208303,5
2025-03-22 06:45:00,0.5311496631137936,0.33259331746278226,1.0,0.4779353990238132,5
2025-03-22 07:00:00,0.3640848605110458,0.2471657111646568,1.0,0.5182467962172962,2
2025-03-22 07:15:00,0.263022741586038,0.34616992539042013,1.0,0.41636292939957614,4
2025-03-22 07:30:00,0.5550428923675407,0.8573020988426856,1.0,0.5787927231679604,3
2025-03-22 07:45:00,0.6518618900520067,0.7820642225833745,1.0,0.5232005836776461,2
2025-03-22 08:00:00,0.6329342616468367,0.8251157603651567,1.0,0.5815404756577196,2
2025-03-22 08:15:00,0.7188537850959911,0.7201892304802184,1.0,0.4895451489088449,3
2025-03-22 08:30:00,0.5322865721269198,0.5248634099593892,1.0,0.539906569931317,0
2025-03-22 08:45:00,0.28087239771181227,0.6346928916075455,1.0,0.5590169704043515,3
2025-03-22 09:00:00,0.221986244181658,0.45632904041958605,1.0,0.5015227486980687,3
2025-03-22 09:15:00,0.7952495526929536,0.7796887170237716,1.0,0.4725976275727092,1
2025-03-22 09:30:00,0.6977877465728488,0.32025234463773744,1.0,0.5169210030717077,1
2025-03-22 09:45:00,0.20301570845525216,0.2808268390445739,1.0,0.5454337707423076,1
2025-03-22 10:00:00,0.30464312786420034,0.6810144903149405,1.0,0.44286052073051674,3
2025-03-22 10:15:00,0.24499809059925487,0.22455628774254865,1.0,0.4890166634117981,2
2025-03-22 10:30:00,0.8786713968149318,0.982390621052945,0.8689947685681905,0.4670159363275242,2
2025-03-22 10:45:00,0.8452829411093372,0.5797662743145848,1.0,0.44421272981342336,5
2025-03-22 11:00:00,0.6452734251817166,0.43672411946766404,0.8734510435086997,0.48816784995170814,3
2025-03-22 11:15:00,0.38458085525339636,0.8864873582614561,1.0,0.5144085688559373,1
2025-03-22 11:30:00,0.5831557923765142,0.31361184823319,0.9279682697183764,0.5347300425238767,6
2025-03-22 11:45:00,0.14203851081233332,0.6138757211759098,0.9686810184365451,0.48591665805482,2
2025-03-22 12:00:00,0.8968170055990652,0.4372500825287266,0.8598063145958406,0.5564632473607369,2
2025-03-22 12:15:00,0.17280937426270898,0.5028573479899993,1.0,0.42706377689572955,2
2025-03-22 12:30:00,0.22534476611336443,0.4071144687554162,0.9343439757093035,0.4536435461752062,1
2025-03-22 12:45:00,0.4542668226624569,0.5869407782503596,0.863020639831731,0.47037713803396813,3
2025-03-22 13:00:00,0.8788344295029199,0.8189305050819293,0.9575496499127023,0.4679513877865418,5
2025-03-22 13:15:00,0.7704116584528763,0.8984186783078181,1.0,0.54620615937026,4
2025-03-22 13:30:00,0.1438970041608152,0.2906361596918511,0.8080096021418364,0.5073499218684164,2
2025-03-22 13:45:00,0.6472024706512999,0.31953174866525685,0.783189949292382,0.541554094757422,6
2025-03-22 14:00:00,0.790137433300145,0.395705843681162,0.7484440757257662,1.0,2
2025-03-22 14:15:00,0.5984928194375468,0.46535606114532113,0.790323272669872,1.0,2
2025-03-22 14:30:00,0.7537849432984144,0.3633715369579573,0.7350373258492937,0.9411939543842134,1
2025-03-22 14:45:00,0.5023407926277299,0.37927386684146286,0.807464660371865,1.0,2
2025-03-22 15:00:00,0.1490053856198096,0.24051002634307422,0.8921255569818003,0.9771922940497291,5
2025-03-22 15:15:00,0.8962662772004518,0.42761501716130673,0.49294716473420536,0.8411657727796825,5
2025-03-22 15:30:00,0.6152558974942322,0.24337869853466448,0.9100646235424104,1.0,3
2025-03-22 15:45:00,0.14651961095370974,0.7361511705359209,0.46625967585452066,1.0,3
2025-03-22 16:00:00,0.3450665735109964,0.7741996153113899,0.9295273556369242,1.0,2
2025-03-22 16:15:00,0.15156806513412413,0.4573372430561127,0.8086934226796223,1.0,0
2025-03-22 16:30:00,0.1522484973848112,0.662874961651873,0.796471818302684,1.0,2
2025-03-22 16:45:00,0.3706166696041243,0.6866530562110389,0.6646861172861552,1.0,4
2025-03-22 17:00:00,0.1267793443174357,0.7949472201191143,0.7001720912878164,0.9664361792859194,4
2025-03-22 17:15:00,0.5728166239545985,0.2524133409945374,0.5728810286946735,1.0,2
2025-03-22 17:30:00,0.7630091285220832,0.9836603912714528,0.7605183756207263,1.0,3
2025-03-22 17:45:00,0.15850101699384195,0.45019625695472093,0.7783770370318859,0.96265007606668,5
2025-03-22 18:00:00,0.14657696891256755,0.8247768891647749,0.5503627771906321,0.8965942647276959,3
2025-03-22 18:15:00,0.27154089352364164,0.34775207336562874,0.6826079453821563,1.0,5
2025-03-22 18:30:00,0.34899287857789896,0.548527127456236,0.6618646705548912,1.0,2
2025-03-22 18:45:00,0.36087818485675704,0.6270526010256832,0.723127413145721,0.6807781990578816,2
2025-03-22 19:00:00,0.12106744462950642,0.8955421988486265,0.7668229961674276,1.0,5
2025-03-22 19:15:00,0.3048611988083277,0.2180110108501464,0.8812750822981277,0.9899944221665976,6
2025-03-22 19:30:00,0.49284578661228273,0.9785346190992181,0.7064663383835714,0.8135578933404284,3
2025-03-22 19:45:00,0.7422775274101711,0.2683815906833508,0.6201291424806954,1.0,5
2025-03-22 20:00:00,0.6674287924599349,0.6844440969989736,0.6957021692490487,1.0,3
2025-03-22 20:15:00,0.5978785088415653,0.6702031705208891,0.6550118143977268,1.0,2
2025-03-22 20:30:00,0.5984876906377504,0.9958800980858606,0.674406249720439,1.0,2
2025-03-22 20:45:00,0.8346913931606337,0.5575716586621664,1.0,0.8060703242537129,2
2025-03-22 21:00:00,0.7906554525184764,0.4293496873688013,0.7008721722073075,0.4650677119118161,7
2025-03-22 21:15:00,0.6627769751828972,0.2022993084338971,0.8072327244304875,0.4271910147740331,1
2025-03-22 21:30:00,0.8559912333756013,0.5893814516314055,0.9487902941523142,0.5595114171820631,5
2025-03-22 21:45:00,0.7820897033405294,0.32340178691811405,0.994911682671036,0.5237173343010917,1
2025-03-22 22:00:00,0.6537759720846348,0.31162543603437154,0.925268293255612,0.5158622362179349,6
2025-03-22 22:15:00,0.7970800539019511,0.4109654538452998,0.7879434580131444,0.5137111761563583,5
2025-03-22 22:30:00,0.13513403534073787,0.3333043262425991,0.8584471713159354,0.6026191292492107,1
2025-03-22 22:45:00,0.4971919631700701,0.8773030371543391,1.0,0.4740932061417718,2
2025-03-22 23:00:00,0.29419222658096633,0.9246069583365852,1.0,0.4058643952882475,3
2025-03-22 23:15:00,0.23804558726576364,0.2966547277727585,0.95472523904819,0.554802737390994,1
2025-03-22 23:30:00,0.2959741864009716,0.7613151137488168,0.9189702882693216,0.5539920147578608,2
2025-03-22 23:45:00,0.5393415539177088,0.919813348823042,0.8251506409476561,0.5946566499206949,2
2025-03-23 00:00:00,0.7359760337701234,0.26729741223101544,1.0,0.5672408842600488,1
2025-03-23 00:15:00,0.16677094882479315,0.4025897920513086,1.0,0.41523204233740973,0
2025-03-23 00:30:00,0.49960067086259996,0.8117471791442479,0.9939201449847945,0.45599495168656007,1
2025-03-23 00:45:00,0.8984795264367668,0.35826475216703957,0.9642525369293478,0.5172750643957285,1
2025-03-23 01:00:00,0.5847025045364488,0.6041474233965618,0.9743176857178358,0.5074156330246505,2
2025-03-23 01:15:00,0.5063680040673879,0.3708926764500176,1.0,0.5285164101814177,3
2025-03-23 01:30:00,0.185878014727819,0.297221456223911,1.0,0.5297392731775566,0
2025-03-23 01:45:00,0.37001993971709135,0.9001537932212376,1.0,0.5559126077664815,6
2025-03-23 02:00:00,0.6028564457252916,0.8939488419099566,1.0,0.454667234367652,5
2025-03-23 02:15:00,0.40183811775897316,0.7272573750809233,1.0,0.4924586498489447,6
2025-03-23 02:30:00,0.5118162047944278,0.9700377957000008,1.0,0.5448164437948708,3
2025-03-23 02:45:00,0.7534860463664669,0.6092102091384236,1.0,0.459032881679658,3
2025-03-23 03:00:00,0.10923803924777716,0.8247109239961519,1.0,0.47815504737121906,2
2025-03-23 03:15:00,0.4756470835781781,0.8988688347637874,1.0,0.4833959861667552,4
2025-03-23 03:30:00,0.4537815300306618,0.5045427164567864,1.0,0.4899605670723301,2
2025-03-23 03:45:00,0.5545113147038093,0.5912538260494862,1.0,0.5603402972132169,6
2025-03-23 04:00:00,0.6282508713118153,0.3473158939779067,1.0,0.4440174112333588,2
2025-03-23 04:15:00,0.1272905579005011,0.994467576710711,1.0,0.46876062541037533,3
2025-03-23 04:30:00,0.2352576110792568,0.20630596657821762,1.0,0.5336968723114878,2
2025-03-23 04:45:00,0.3176799902928642,0.7070985080115926,1.0,0.5466295039385807,2
2025-03-23 05:00:00,0.7872916037944262,0.7429859362130098,1.0,0.5884312204022254,4
2025-03-23 05:15:00,0.6767034262646423,0.6701268712888517,1.0,0.45112692476229954,5
2025-03-23 05:30:00,0.6275941003066421,0.4731181322713826,1.0,0.508223907575137,5
2025-03-23 05:45:00,0.8402683065613431,0.6268527847477628,1.0,0.567493689980153,1
2025-03-23 06:00:00,0.28437244253392047,0.8015096233252088,1.0,0.5041459173966416,7
2025-03-23 06:15:00,0.7516947275926625,0.6154193780062371,1.0,0.45121816277932303,0
2025-03-23 06:30:00,0.4306731674976666,0.32926948131853695,1.0,0.47166882515249675,9
2025-03-23 06:45:00,0.7680655439088242,0.6444233034500126,1.0,0.5147736861459719,2
2025-03-23 07:00:00,0.403754636837501,0.23186887847685764,1.0,0.46261540800236,5
2025-03-23 07:15:00,0.12638145961466343,0.7096111700716197,1.0,0.4631477288530427,2
2025-03-23 07:30:00,0.6808474376212755,0.7420137241731897,1.0,0.41299000666572694,2
2025-03-23 07:45:00,0.8956603770082167,0.4559088239304183,1.0,0.5770544364090504,3
2025-03-23 08:00:00,0.26045076089836244,0.252351846922253,1.0,0.495730132689957,4
2025-03-23 08:15:00,0.28472265384757967,0.9873058151688094,1.0,0.509030212806242,4
2025-03-23 08:30:00,0.624413667876591,0.20123114776530437,1.0,0.47315866354657105,4
2025-03-23 08:45:00,0.43691788880131666,0.9528496002540694,1.0,0.4479529166367455,3
2025-03-23 09:00:00,0.3303127568926413,0.8381629071092278,1.0,0.49529690945559834,4
2025-03-23 09:15:00,0.8857153433857823,0.5629155305598064,1.0,0.5046766016605979,2
2025-03-23 09:30:00,0.5885802709826614,0.835418185808092,1.0,0.48089466495235833,0
2025-03-23 09:45:00,0.6442706504632854,0.7484884899026831,1.0,0.4385702320835964,3
2025-03-23 10:00:00,0.7108782626420025,0.5095686942908413,1.0,0.520710050217939,1
2025-03-23 10:15:00,0.1780846508007656,0.584980730708106,1.0,0.5599048708124915,2
2025-03-23 10:30:00,0.17754384257646258,0.6076721998055504,1.0,0.4575490554457516,1
2025-03-23 10:45:00,0.12171202051940871,0.41184921587730217,1.0,0.5383036731898215,5
2025-03-23 11:00:00,0.32989464418808173,0.9431391139113441,0.9353244023373002,0.49255031641540037,2
2025-03-23 11:15:00,0.4309376635254888,0.37181141903221104,1.0,0.46161764513954284,5
2025-03-23 11:30:00,0.2381039580221007,0.8733478835520738,1.0,0.43355088307366085,3
2025-03-23 11:45:00,0.48516714332977084,0.23203067607020184,1.0,0.5333924994002183,5
2025-03-23 12:00:00,0.2996664576692474,0.2824801070601377,1.0,0.5101966428683055,2
2025-03-23 12:15:00,0.46212846828442666,0.7341619707585041,0.9752118254789033,0.519230161735281,5
2025-03-23 12:30:00,0.2704820135781277,0.6523586934155621,0.8402436744941097,0.45910834361363734,3
2025-03-23 12:45:00,0.17361559982096447,0.4104559475955431,0.854040054121036,0.5640383954675855,3
2025-03-23 13:00:00,0.1488975817496077,0.3971464938174129,0.8835961945231989,0.45428766562095946,3
2025-03-23 13:15:00,0.5608591177190475,0.5006542949439173,1.0,0.5491072805267634,3
2025-03-23 13:30:00,0.5033832516525262,0.9256018511602881,0.8671534190357135,0.4485268667792406,6
2025-03-23 13:45:00,0.3892771009325692,0.5483250777365298,0.8032352322906026,0.5753213386575413,4
2025-03-23 14:00:00,0.656914661083013,0.30809616433550124,0.6690616725733562,1.0,1
2025-03-23 14:15:00,0.6387379702749378,0.8252639347634172,0.782549202393203,0.9403105577697528,3
2025-03-23 14:30:00,0.6021817133859741,0.6508861857672676,0.7620333550955785,1.0,3
2025-03-23 14:45:00,0.4967825257852476,0.5696087421040081,0.6356212910958945,0.8886016109543273,5
2025-03-23 15:00:00,0.39279963919502126,0.6036884580782149,0.7982925300049728,0.8477849411080168,2
2025-03-23 15:15:00,0.6793313865334039,0.7226033925058406,0.7347810752290976,0.9128728978297145,4
2025-03-23 15:30:00,0.6121703669438234,0.4623581745074512,0.6582960266738497,1.0,1
2025-03-23 15:45:00,0.34508498632288004,0.3254435364317876,0.7472131577355907,0.9291530645089814,5
2025-03-23 16:00:00,0.23765292712496447,0.5102635784295845,0.77708166075678,1.0,1
2025-03-23 16:15:00,0.4116282445183729,0.9822190650143365,0.8385898575043924,1.0,2
2025-03-23 16:30:00,0.3320125828848771,0.5947091298880645,0.7820753865331043,1.0,3
2025-03-23 16:45:00,0.551012651498305,0.9939712703121633,0.7266757757959855,1.0,1
2025-03-23 17:00:00,0.8398377382753145,0.6257828265202867,0.7506177279171555,1.0,4
2025-03-23 17:15:00,0.3268570999182099,0.4161799451550714,0.6892025288187966,1.0,0
2025-03-23 17:30:00,0.42718775837439416,0.5472906135822941,0.6895905120898742,1.0,4
2025-03-23 17:45:00,0.4842526102799145,0.3087069424883446,0.6451171701146836,0.897029769935016,10
2025-03-23 18:00:00,0.17480250251090884,0.6335932640194134,0.8600904723394536,0.9899276978473757,3
2025-03-23 18:15:00,0.5497689535941435,0.34941602748135847,0.6838599249480515,1.0,2
2025-03-23 18:30:00,0.675961699997067,0.7171193810658183,0.7540439022916272,1.0,2
2025-03-23 18:45:00,0.21508233352293288,0.7367667233130164,0.7017955811974133,0.9715021227444448,4
2025-03-23 19:00:00,0.5012540988247643,0.6871515269970412,0.6071340960852019,1.0,4
2025-03-23 19:15:00,0.4475870656789086,0.28605665644284906,0.7264129480715791,1.0,2
2025-03-23 19:30:00,0.35638603744406006,0.930993947609583,0.7654720755273479,1.0,3
2025-03-23 19:45:00,0.38373544245742575,0.5604680725512898,0.6232105429454038,1.0,2
2025-03-23 20:00:00,0.8118055539538204,0.6509382434821325,0.9078044503630702,0.9071857304284773,3
2025-03-23 20:15:00,0.5895091769464081,0.7194612006414978,0.6744738296539423,0.9404363738869188,3
2025-03-23 20:30:00,0.5922882663938155,0.4696382623219171,0.8450865964195295,1.0,2
2025-03-23 20:45:00,0.6760156805600995,0.21178812911472944,0.6910861859980457,0.9086669885860476,0
2025-03-23 21:00:00,0.2164629700553186,0.971458088055654,0.7662557520724294,0.4355294695475803,2
2025-03-23 21:15:00,0.4287893048258534,0.201740472734412,0.8296029819156474,0.41039715916448777,2
2025-03-23 21:30:00,0.13292675464608533,0.21676473960517859,0.7934024993248909,0.46378075474158237,1
2025-03-23 21:45:00,0.5768673864330057,0.7925644461747443,0.8496030691390755,0.46478581781594275,2
2025-03-23 22:00:00,0.3719383467576177,0.3536670347383895,0.9329863727980892,0.5510814036561953,5
2025-03-23 22:15:00,0.4427519701290691,0.2874531311226779,0.8096687749350266,0.5580763896889963,1
2025-03-23 22:30:00,0.10183305856766377,0.7415499182225307,0.8978449440868214,0.5322584766520653,4
2025-03-23 22:45:00,0.5424847380885571,0.973909658614194,0.8666651353323126,0.609311370493989,2
2025-03-23 23:00:00,0.6742131572754424,0.750707939425076,0.9800189762295252,0.6098595167406058,1
2025-03-23 23:15:00,0.47740266844844814,0.6206006086185827,0.8653012191286988,0.49304558138263144,2
2025-03-23 23:30:00,0.2062870041665802,0.3718275007242414,0.8097555705274289,0.45378233340945734,3
2025-03-23 23:45:00,0.40117032362130745,0.5251568905729189,1.0,0.475638888788061,1
2025-03-24 00:00:00,0.7976341407898001,0.6400223115298475,0.881731990404502,0.5583051474825375,3
2025-03-24 00:15:00,0.7626316353768614,0.5035655608504068,0.9977930481966304,0.48388398750865397,2
2025-03-24 00:30:00,0.20944751554986096,0.7950258808205783,1.0,0.47941892676579384,6
2025-03-24 00:45:00,0.32340295444378403,0.7634936191451405,1.0,0.4833647479184586,1
2025-03-24 01:00:00,0.8653297443937203,0.5177976460454446,0.9826454216361072,0.4760821674409824,2
2025-03-24 01:15:00,0.6133391387465871,0.5641886233895848,1.0,0.4924871713627669,1
2025-03-24 01:30:00,0.6163952112126074,0.8567280804468813,1.0,0.4075111390880229,4
2025-03-24 01:45:00,0.3732199848727267,0.9233462508516592,1.0,0.5044913838817874,4
2025-03-24 02:00:00,0.5793418097387101,0.3320270194233828,1.0,0.4216319402379147,3
2025-03-24 02:15:00,0.14541540630072936,0.548905411976677,1.0,0.4136486240317337,0
2025-03-24 02:30:00,0.8008346001545265,0.2866307190129141,1.0,0.450715200221256,4
2025-03-24 02:45:00,0.4208263573481851,0.6541092490044373,1.0,0.35866962552863674,5
2025-03-24 03:00:00,0.3830781067862077,0.665802220557121,1.0,0.48667751208486265,1
2025-03-24 03:15:00,0.6570118158582855,0.6937987629518991,1.0,0.4600885249578416,3
2025-03-24 03:30:00,0.2801206403308661,0.23822547757640172,1.0,0.4981488556201709,5
2025-03-24 03:45:00,0.2440574449343762,0.976257753921058,1.0,0.4950340183541877,2
2025-03-24 04:00:00,0.5926752388488267,0.49417407776929656,1.0,0.6032925250346628,3
2025-03-24 04:15:00,0.31854902382403605,0.9661739407970817,1.0,0.4851040777504918,2
2025-03-24 04:30:00,0.2924144631397544,0.4540982375792334,1.0,0.4631303874875022,3
2025-03-24 04:45:00,0.15635413644671542,0.9587056277056079,1.0,0.4998798626549453,0
2025-03-24 05:00:00,0.6348441233468132,0.8754283322382965,1.0,0.45138413754674345,2
2025-03-24 05:15:00,0.18167433301445277,0.8087294001722694,1.0,0.48437613085277825,1
2025-03-24 05:30:00,0.53791621596779,0.8532629410321368,1.0,0.5705150487956747,2
2025-03-24 05:45:00,0.27047689948435505,0.3160780885379779,1.0,0.5383083430822371,4
2025-03-24 06:00:00,0.13597491414190258,0.39104993659252796,0.9997779147249222,0.5142900466553694,4
2025-03-24 06:15:00,0.17621320831138823,0.9798906292808689,1.0,0.4907011726573677,3
2025-03-24 06:30:00,0.69663077490811,0.9614911303437339,1.0,0.5679952039711722,2
2025-03-24 06:45:00,0.6280290590943045,0.4859124497834486,1.0,0.5204796443850529,1
2025-03-24 07:00:00,0.6049207098621903,0.41121252651232904,1.0,0.5333666937554844,3
2025-03-24 07:15:00,0.5506528645922195,0.5268550254246313,1.0,0.5802796300949219,3
2025-03-24 07:30:00,0.8295218539976612,0.4663406053177867,1.0,0.4924124163086396,9
2025-03-24 07:45:00,0.865005684421416,0.3498355915869681,1.0,0.4917395323459367,4
2025-03-24 08:00:00,0.8331186483167595,0.5191417171243153,1.0,0.48853619883206284,2
2025-03-24 08:15:00,0.5734428961897889,0.5825998682655122,1.0,0.4604737334475906,2
2025-03-24 08:30:00,0.6782413206360709,0.71472851360628,1.0,0.4953993876509887,3
2025-03-24 08:45:00,0.1975811380719315,0.5117947696080083,1.0,0.5768620503810185,1
2025-03-24 09:00:00,0.553791988932236,0.7972388255603997,1.0,0.5724512320046073,3
2025-03-24 09:15:00,0.3343495279533172,0.6118080249075689,1.0,0.5048328653804685,1
2025-03-24 09:30:00,0.7696061910971373,0.4102086823596481,1.0,0.4735281398322303,3
2025-03-24 09:45:00,0.7592177766954625,0.3031335056147249,1.0,0.47322144147118617,4
